id|geom|accuracy|ns_neotectonic_section_id|ns_fault_summary_id|ns_average_dip|ns_is_active|ns_is_episodic|ns_surface_dip|ns_name|ns_aseismic_slip_factor|ns_compiler_id|ns_completion_id|ns_contributor_id|ns_dip_dir|ns_disp|ns_downthrown_side_id|ns_last_movement|ns_length|ns_lower_sm_depth|ns_recurrence_interval|ns_net_slip_rate|ns_slip_type_id|ns_strike|ns_strike_slip_rate|ns_upper_sm_depth|ns_vert_slip_rate|ns_created_date|ns_modified_date|fs_fault_summary_id|fs_aseismic_slip_factor|fs_compiler_id|fs_completion_id|fs_contributor_id|fs_average_dip|fs_dip_dir|fs_displacement|fs_downthrown_side_id|fs_is_active|fs_is_episodic|fs_is_section_summary|fs_last_movement|fs_length|fs_lower_sm_depth|fs_name|fs_recurrence_interval|fs_strike_slip_rate|fs_slip_type_id|fs_strike|fs_upper_sm_depth|fs_created_date|fs_modified_date|fs_net_slip_rate|fs_vert_slip_rate|slip_type|
27867|LINESTRING(174.950792379549 -41.1126850144086,174.95083760589 -41.1126031870339,174.951318086084 -41.112338378506,174.951723844539 -41.1121649005336,174.952177878049 -41.1120131244631,174.952371363267 -41.1119107800838,174.952644531589 -41.1117845724307,174.952913926324 -41.1116314062415,174.953184116638 -41.1115052475653,174.953381504355 -41.1114343607614,174.953576712816 -41.1113905320087,174.953772771334 -41.1112746309938,174.953878306279 -41.1112188053883,174.953892786761 -41.111205050018)|100000|107340|75729||t|f||Moonshine Fault|0.00|576|||||231||||||205|||(0.0,0.0,0.0)||2012-04-30|2012-04-30|75729|0.00|576||||||231|t|f|f||||Moonshine Fault|||205||(0.0,0.0,0.0)|2012-04-27|2012-04-27|||Dextral
27868|LINESTRING(174.918830945813 -41.127694051823,174.91923923364 -41.1276017115326,174.919541903923 -41.1274615831919,174.920054444902 -41.1271648501004,174.920459956347 -41.126874395035,174.920851365553 -41.126611194,174.921302955503 -41.1263695099377,174.921631358722 -41.1261929201808,174.922008822362 -41.1260650535492,174.922492523154 -41.1259038953461,174.922913061285 -41.1257212671931,174.923410168008 -41.1254067612156,174.924284461188 -41.1249553763801,174.924825713369 -41.1247256975603,174.925383475109 -41.1243471238074,174.925549500084 -41.1243218426894,174.926090349666 -41.1240786538681,174.926572678051 -41.1237688835986,174.927097288368 -41.1233773427488,174.927579869174 -41.1230765710815,174.92803241981 -41.1227672907033,174.928739225899 -41.1223952233756,174.929264862331 -41.1220396838291,174.92971639044 -41.1217979672736,174.9308611724 -41.1213330123131,174.931614036401 -41.1210096976343,174.932188232544 -41.120788440862,174.932579211783 -41.1206152778179,174.932791267168 -41.1205351743842,174.933121319982 -41.1204170702679,174.933288993475 -41.1203467146814,174.933543718137 -41.12019834316,174.933740232308 -41.1200959798458,174.933890046991 -41.1200259218926,174.934899837487 -41.1196307366324)|100000|107340|75729||t|f||Moonshine Fault|0.00|576|||||231||||||205|||(0.0,0.0,0.0)||2012-04-30|2012-04-30|75729|0.00|576||||||231|t|f|f||||Moonshine Fault|||205||(0.0,0.0,0.0)|2012-04-27|2012-04-27|||Dextral
27869|LINESTRING(174.948880405252 -41.1137800885062,174.949182021752 -41.1136083739948,174.949287166641 -41.1135390484527,174.949513660924 -41.1134451599252,174.949722696846 -41.1133650759703,174.949935960405 -41.1132263736587,174.950084814178 -41.1131247854667,174.950234860977 -41.1130637093104,174.95054975858 -41.1128377241269,174.950672358187 -41.1127545922039,174.950792379549 -41.1126850144086)|100000|107340|75729||t|f||Moonshine Fault|0.00|576|||||231||||||205|||(0.0,0.0,0.0)||2012-04-30|2012-04-30|75729|0.00|576||||||231|t|f|f||||Moonshine Fault|||205||(0.0,0.0,0.0)|2012-04-27|2012-04-27|||Dextral
27870|LINESTRING(174.95865724932 -41.1095211981497,174.959439688331 -41.1093007821062,174.960028568032 -41.1090791367764,174.960524887419 -41.1089491292182,174.961068282594 -41.1088003070776,174.962154439389 -41.1083810684483,174.962588167114 -41.108148530624,174.963116178317 -41.107882865954,174.963447487444 -41.1077106097261,174.963929617421 -41.1075042669122,174.964306491674 -41.1073627598969,174.964849197341 -41.1071914134982,174.965422858818 -41.1070600711121,174.96591888504 -41.1069210380041,174.966507821058 -41.106802941481,174.966944999863 -41.1066874223497,174.967276961732 -41.1065376619855,174.967819016412 -41.1062447150706,174.968074010851 -41.1061097724381,174.968434652277 -41.1059234918644,174.96872197374 -41.1057744868605,174.969022133077 -41.1056567879265,174.969835481512 -41.105377227917,174.970317172679 -41.1051573547952,174.970755299816 -41.1049742507304,174.97113120701 -41.1048012124041,174.971626962948 -41.1045540723872,174.972636425305 -41.1041630630246,174.97284797695 -41.1040693830502,174.973223471121 -41.1038828340086,174.973764941094 -41.1035718542329,174.974321954181 -41.1032831247049,174.974699475532 -41.103065010828,174.976008109917 -41.1024256687582,174.976504367301 -41.1021965134044,174.976714160417 -41.1020443091655,174.976984150681 -41.1018145141654,174.977284967825 -41.1016202206138,174.977510037321 -41.1014812646497,174.977945296824 -41.1012036057845,174.978141685952 -41.1011011679495,174.978261657354 -41.1010315619961)|100000|107340|75729||t|f||Moonshine Fault|0.00|576|||||231||||||205|||(0.0,0.0,0.0)||2012-04-30|2012-04-30|75729|0.00|576||||||231|t|f|f||||Moonshine Fault|||205||(0.0,0.0,0.0)|2012-04-27|2012-04-27|||Dextral
27871|LINESTRING(175.011419422736 -41.082709478197,175.012482902255 -41.0821025964916,175.013455083903 -41.0818298539071,175.014936450554 -41.0816249872942,175.016954528814 -41.0813911727396,175.020083101744 -41.0807677624255,175.021893749717 -41.0802756487887,175.024264755307 -41.0793132108092,175.026679518946 -41.0781261239646,175.027886023325 -41.0772287805293,175.028774840701 -41.0764457237014,175.029412597034 -41.0754687937178,175.030022869065 -41.074146989943,175.03020309837 -41.0731333155477,175.030379544767 -41.0706167332616)|50000|107340|75729||t|f||Moonshine Fault|0.00|576|||||231||||||205|||(0.0,0.0,0.0)||2012-04-30|2012-04-30|75729|0.00|576||||||231|t|f|f||||Moonshine Fault|||205||(0.0,0.0,0.0)|2012-04-27|2012-04-27|||Dextral
27872|LINESTRING(174.934899837487 -41.1196307366324,174.9353067367 -41.1194933265798,174.935503509311 -41.1193999630535,174.936092611576 -41.1192820195524,174.936438586669 -41.1191996680204,174.937163218279 -41.1189308322975,174.937674669509 -41.1188051738049,174.937990878504 -41.1187233161728,174.938218065643 -41.1186519563598,174.938518074134 -41.1185253329117,174.93886609536 -41.1184114147377,174.93900036075 -41.1183190927927,174.939317431729 -41.1181651597762,174.93952947106 -41.1180850441342,174.939801032401 -41.1180039300526,174.940132511334 -41.1179353212218,174.940359429529 -41.1178549545153,174.940464854297 -41.1177946396421,174.940449973717 -41.1177948892433)|100000|107340|75729||t|f||Moonshine Fault|0.00|576|||||231||||||205|||(0.0,0.0,0.0)||2012-04-30|2012-04-30|75729|0.00|576||||||231|t|f|f||||Moonshine Fault|||205||(0.0,0.0,0.0)|2012-04-27|2012-04-27|||Dextral
27873|LINESTRING(174.813375958788 -41.2022700787824,174.813438060047 -41.2021430093174,174.813828733687 -41.2018216457312,174.814416728069 -41.2013035391472,174.815396956245 -41.2007387459082,174.816147846099 -41.2000739644854,174.817280033643 -41.1992906045833,174.818378418132 -41.1985798196194,174.819826419435 -41.1975753130894,174.82097030834 -41.1968953186304,174.822011123755 -41.196261969553,174.822886173655 -41.1957798345908,174.823700379264 -41.1954697812046,174.82430587331 -41.1951585090897,174.824847411108 -41.194582541248,174.825493216221 -41.19378876227,174.826183202364 -41.1929762685202,174.826905215871 -41.1923524080346,174.828125652902 -41.1915360298162,174.828470760519 -41.1912963997166,174.828772668064 -41.1911114922656,174.829347193442 -41.1908682336198,174.830146771715 -41.190463793379,174.831172765283 -41.1899476828,174.832483628752 -41.1892784393113,174.833858657365 -41.1886667083154,174.834852175061 -41.1880565073148,174.835438253717 -41.1874797814037,174.836613954676 -41.1867766065028,174.837743313807 -41.1860156107919,174.838995019289 -41.1851535839773,174.83992722324 -41.1844857679527,174.840604703372 -41.1838760373576,174.841551988263 -41.183108892347,174.842593737537 -41.1824167934724,174.843526243517 -41.1817624529212,174.844489328526 -41.1809229762234,174.845468453456 -41.1802318488275,174.846598062875 -41.1793806910225,174.847226508309 -41.1787266680442,174.848188327342 -41.1777385657187,174.849091969752 -41.1769090052169,174.849934042254 -41.1761164492488,174.850789980225 -41.1752876374488,174.851600885045 -41.1745541120681,174.853359988685 -41.1729902718454,174.854714382092 -41.1718742302701,174.85552709738 -41.1712081988837,174.855993001583 -41.1707143530389,174.856773628441 -41.1699677649025,174.857210994215 -41.1695194064122,174.857704451008 -41.168840469042,174.858244978884 -41.1682463392045,174.858814589284 -41.1675211389749,174.8594754989 -41.1669701036523,174.86024203761 -41.1662552413592,174.860723588441 -41.165684564698,174.861203293269 -41.1651544467944,174.861832982129 -41.1645543613437,174.862496500336 -41.1640978388278,174.863220522934 -41.1635682825048,174.864048391101 -41.1630235380957,174.864468369232 -41.1627015279853,174.865116832844 -41.1622407290724,174.865914379083 -41.1616784457675,174.866366027149 -41.1614234699493,174.867103554707 -41.1609522158944,174.867706876342 -41.1605822000516,174.868488368008 -41.1601912898907,174.868851035297 -41.1599512515204,174.869106565349 -41.1598210263459,174.869377112008 -41.1596950614573,174.870207300343 -41.1592358004256,174.871051172566 -41.1588393607973,174.871473718086 -41.1587154362746,174.872138420169 -41.1585155364025,174.872877103776 -41.1581928410373,174.873208899182 -41.1580208407303,174.873992241649 -41.157697415103,174.874658244723 -41.1574389342032,174.875532612759 -41.1570689882445,174.875773739578 -41.1569569955406,174.876362302081 -41.1566997601693,174.876857011431 -41.156390002365,174.877144374425 -41.156227718317,174.877551657027 -41.1559869282256,174.87782114925 -41.155824932457,174.877986670057 -41.1556736306859,174.878060643118 -41.1555508356727,174.878105348609 -41.1554465296669)|100000|107340|75729||t|f||Moonshine Fault|0.00|576|||||231||||||205|||(0.0,0.0,0.0)||2012-04-30|2012-04-30|75729|0.00|576||||||231|t|f|f||||Moonshine Fault|||205||(0.0,0.0,0.0)|2012-04-27|2012-04-27|||Dextral
27874|LINESTRING(174.953892786761 -41.111205050018,174.954103404685 -41.1111789744986,174.954392508751 -41.1110885222677,174.954678503323 -41.1109936182503,174.954903068794 -41.1109357804067,174.9551586394 -41.1108188713153)|100000|107340|75729||t|f||Moonshine Fault|0.00|576|||||231||||||205|||(0.0,0.0,0.0)||2012-04-30|2012-04-30|75729|0.00|576||||||231|t|f|f||||Moonshine Fault|||205||(0.0,0.0,0.0)|2012-04-27|2012-04-27|||Dextral
27875|LINESTRING(174.940449973717 -41.1177948892433,174.940883911662 -41.1174633518429,174.941715442126 -41.1172872690235,174.942092085058 -41.1172359108163,174.942603513692 -41.1171102307807,174.942951388255 -41.1169917990931,174.94322161941 -41.1168656634232,174.943538805748 -41.1167162203384,174.94389997056 -41.1165435194647,174.944155185617 -41.116413130313,174.944457223008 -41.1162549320814,174.944682411004 -41.1161160392679,174.945042775964 -41.115916326686,174.945284561357 -41.1158357002469,174.945586593419 -41.1156774990994,174.946007532037 -41.115512793418,174.946264788543 -41.1153508400691,174.946566021851 -41.1151656282222,174.947016380672 -41.1148878340389,174.947407348826 -41.1146155414314,174.947677756514 -41.1143948167924,174.947946643497 -41.1142236566016,174.948142985176 -41.114116767745,174.948339458705 -41.1140143799191,174.948641016823 -41.1139417468469,174.948822211863 -41.1138261047707,174.948880405252 -41.1137800885062)|100000|107340|75729||t|f||Moonshine Fault|0.00|576|||||231||||||205|||(0.0,0.0,0.0)||2012-04-30|2012-04-30|75729|0.00|576||||||231|t|f|f||||Moonshine Fault|||205||(0.0,0.0,0.0)|2012-04-27|2012-04-27|||Dextral
27876|LINESTRING(174.878105348609 -41.1554465296669,174.878375513577 -41.155203458759,174.878679163706 -41.1550904447943,174.879190949748 -41.1547533784673,174.879655853138 -41.1544440924449,174.880079318827 -41.1541444848463,174.880484913922 -41.1538451661017,174.88099514473 -41.1534540748606,174.88126567519 -41.153224501484,174.881686852191 -41.1527402815699,174.882014785616 -41.1523296327863,174.882436592186 -41.1518679171891,174.882751196309 -41.1514079445013,174.883215477817 -41.1508689751141,174.883515795647 -41.1505353307486,174.883846656085 -41.1502282092598,174.884294978656 -41.1497570476394,174.884596596154 -41.1493648335475,174.884939024929 -41.1488368485229,174.885178517397 -41.1483555747432,174.885399499698 -41.1478520844773,174.885639883707 -41.1474023195709,174.885863169706 -41.1469798538364,174.886191997683 -41.1463935406049,174.886626185486 -41.1458460398287,174.886954335346 -41.1453407984069,174.88727039568 -41.1450384112305,174.887719044664 -41.1445807403649,174.888005045195 -41.1443734153294,174.888246383644 -41.144166818509,174.888576012707 -41.143922751815,174.888893472935 -41.1436698757957,174.889327452013 -41.1433250257822,174.88982602691 -41.1429475943048,174.890682052396 -41.1422580803178,174.891194965808 -41.1419659752563,174.891720942226 -41.141714185951,174.892097538222 -41.1414468232933,174.892520206027 -41.1412282444525,174.892970066836 -41.1409191486681,174.893812036568 -41.1403649463954,174.894445180474 -41.1400078090718,174.89476065395 -41.1397909771146,174.895257988833 -41.139580172194,174.896057181548 -41.1393013689956,174.897083806139 -41.1388522005569,174.897218429282 -41.1387689294561,174.897506053571 -41.1386200994565,174.897927387231 -41.1384600682225,174.898515053658 -41.1381802142461,174.899012752075 -41.1379828975871,174.899508896549 -41.1377315619159,174.899795089249 -41.1375332107977,174.900126711482 -41.1373611339975,174.900429854804 -41.1372345593497,174.900700508356 -41.1371175247438,174.901151206802 -41.1369434885457,174.901906075246 -41.1367824646452,174.902374241896 -41.136594625872,174.902765780923 -41.1364350667121,174.903353408876 -41.1361551883923,174.903957986845 -41.1358435033396,174.9043183228 -41.1356349134747,174.904994463502 -41.1352229671141,174.905926334468 -41.1344870527555,174.906665486893 -41.1340920724001,174.906994724234 -41.1336317882784,174.907698900798 -41.1330572360054,174.908404354158 -41.132424112149,174.908614778994 -41.1321819529944,174.908794135874 -41.1318952706034,174.909155193441 -41.1315065115179,174.909604250061 -41.131071263245,174.91061210659 -41.1302890197097,174.911648954607 -41.1296864299259,174.911980116634 -41.1295008152652,174.912343499721 -41.1292966528162,174.912809892277 -41.1290502540946,174.913245620768 -41.1288764173947,174.913818366808 -41.1284976526138,174.914178371477 -41.1282800295102,174.914434713568 -41.1280821349765,174.914629978294 -41.1279347897916,174.915023371061 -41.1277391291652,174.915231712343 -41.127632098449,174.915655909766 -41.1274719540756,174.915971536074 -41.1273676489682,174.916424452737 -41.1271709976658,174.91681551104 -41.1269978872976,174.917584979852 -41.1268320144204,174.917947939626 -41.1266143303752,174.918685025553 -41.1263589158715,174.918956255029 -41.1262643459872,174.919741348986 -41.12602163902,174.920132391784 -41.1258485175675,174.92050881135 -41.1256846446544,174.921189614384 -41.1255427373748,174.921519451575 -41.1254156632021,174.922063724184 -41.1252895291005,174.92248582885 -41.1251609191376,174.922668146446 -41.1250813286776,174.922893441951 -41.1250460591827,174.923074351954 -41.1250205342104,174.923180850386 -41.1249962460074)|100000|107340|75729||t|f||Moonshine Fault|0.00|576|||||231||||||205|||(0.0,0.0,0.0)||2012-04-30|2012-04-30|75729|0.00|576||||||231|t|f|f||||Moonshine Fault|||205||(0.0,0.0,0.0)|2012-04-27|2012-04-27|||Dextral
27877|LINESTRING(174.978261657354 -41.1010315619961,174.978549204491 -41.1008915355256,174.978819705579 -41.1007788216808,174.979089398602 -41.10063909925,174.979482438469 -41.1004432220644,174.979661913146 -41.1003725964318,174.979781881634 -41.1003029889201,174.980024120211 -41.1001412159723,174.980263786138 -41.0999929974308,174.980383349482 -41.0999098853244,174.980550247579 -41.0998169554381,174.980728776998 -41.0997148188913)|100000|107340|75729||t|f||Moonshine Fault|0.00|576|||||231||||||205|||(0.0,0.0,0.0)||2012-04-30|2012-04-30|75729|0.00|576||||||231|t|f|f||||Moonshine Fault|||205||(0.0,0.0,0.0)|2012-04-27|2012-04-27|||Dextral
27878|LINESTRING(174.9551586394 -41.1108188713153,174.955522799823 -41.1107496656949,174.955779166474 -41.1106597633654,174.956232199628 -41.1105755421638,174.956729118815 -41.1103644760463,174.957045578205 -41.1101924896017,174.957359725613 -41.1100430594035,174.957630566448 -41.1099393972194,174.957934405823 -41.1098441831074,174.958099050349 -41.1097738423502,174.95827870634 -41.1097077508475,174.958431713541 -41.1096466138126,174.958566732922 -41.1095812775113,174.95865724932 -41.1095211981497)|100000|107340|75729||t|f||Moonshine Fault|0.00|576|||||231||||||205|||(0.0,0.0,0.0)||2012-04-30|2012-04-30|75729|0.00|576||||||231|t|f|f||||Moonshine Fault|||205||(0.0,0.0,0.0)|2012-04-27|2012-04-27|||Dextral
27879|LINESTRING(175.14167695788 -40.9748724110472,175.143151928625 -40.9730759637983,175.145230514742 -40.9705553734014,175.146749343867 -40.9679659116334,175.147811380296 -40.9663354941672,175.149345377286 -40.9642210022652,175.150974471622 -40.9623532368857,175.152636868073 -40.9596559658698,175.153805101413 -40.9572966618976,175.155294944067 -40.9540485737474,175.15742626962 -40.9513514879378,175.158928894643 -40.9492381041406,175.161095893398 -40.9473735116906,175.162961708273 -40.9453838963985,175.16562534686 -40.9430910519174,175.168306741759 -40.9412572160407,175.169999159387 -40.9387888050714)|50000|107775|76164|(,,75)|t|f||Otaki Forks Fault|0.00|576|||130|(,,2.61)|231||||(3500,9000,)|(,,0.6)|205||(0.4,0.7,)|(0.0,0.0,0.0)|(,,0.23)|2012-04-30|2012-04-30|76164|0.00|576|||(,,75)|310|(,,2.61)|231|t|f|f||||Otaki Forks Fault|(3500,9000,)|(0.4,0.7,)|205||(0.0,0.0,0.0)|2012-04-27|2012-04-27|(,,0.6)|(,,0.23)|Dextral
29571|LINESTRING(176.529917280368 -39.7411115144473,176.530954193747 -39.7415214050054,176.532153499112 -39.7419668676284,176.533305786298 -39.7425760142316)|100000|107856|76244||t|f|||0.00|576|||||||||||202|||(0.0,0.0,0.0)||2012-04-30|2012-04-30|76244|0.00|576|||||||t|f|f|||||||202||(0.0,0.0,0.0)|2012-04-27|2012-04-27|||Reverse
27880|LINESTRING(175.2427412135 -40.8698706840273,175.250856623762 -40.8666680761832,175.259922239219 -40.8629913893753,175.271291963374 -40.8570616634962,175.282291527458 -40.8507732651322,175.284866003552 -40.8482675914598)|100000|107775|76164|(,,75)|t|f||Otaki Forks Fault|0.00|576|||130|(,,2.61)|231||||(3500,9000,)|(,,0.6)|205||(0.4,0.7,)|(0.0,0.0,0.0)|(,,0.23)|2012-04-30|2012-04-30|76164|0.00|576|||(,,75)|310|(,,2.61)|231|t|f|f||||Otaki Forks Fault|(3500,9000,)|(0.4,0.7,)|205||(0.0,0.0,0.0)|2012-04-27|2012-04-27|(,,0.6)|(,,0.23)|Dextral
27881|LINESTRING(175.169999159387 -40.9387888050714,175.170897186117 -40.938006267071,175.172045975451 -40.9367190674263)|100000|107775|76164|(,,75)|t|f||Otaki Forks Fault|0.00|576|||130|(,,2.61)|231||||(3500,9000,)|(,,0.6)|205||(0.4,0.7,)|(0.0,0.0,0.0)|(,,0.23)|2012-04-30|2012-04-30|76164|0.00|576|||(,,75)|310|(,,2.61)|231|t|f|f||||Otaki Forks Fault|(3500,9000,)|(0.4,0.7,)|205||(0.0,0.0,0.0)|2012-04-27|2012-04-27|(,,0.6)|(,,0.23)|Dextral
27882|LINESTRING(175.236279396273 -40.8739235322551,175.240014992534 -40.8716396443898)|100000|107775|76164|(,,75)|t|f||Otaki Forks Fault|0.00|576|||130|(,,2.61)|231||||(3500,9000,)|(,,0.6)|205||(0.4,0.7,)|(0.0,0.0,0.0)|(,,0.23)|2012-04-30|2012-04-30|76164|0.00|576|||(,,75)|310|(,,2.61)|231|t|f|f||||Otaki Forks Fault|(3500,9000,)|(0.4,0.7,)|205||(0.0,0.0,0.0)|2012-04-27|2012-04-27|(,,0.6)|(,,0.23)|Dextral
27883|LINESTRING(175.29060568359 -40.8421678416604,175.300171241185 -40.8295866440375,175.309136653749 -40.8198947661502,175.350256941464 -40.7854587100733,175.364801033574 -40.7721172241718,175.388241313118 -40.7392572255566)|100000|107775|76164|(,,75)|t|f||Otaki Forks Fault|0.00|576|||130|(,,2.61)|231||||(3500,9000,)|(,,0.6)|205||(0.4,0.7,)|(0.0,0.0,0.0)|(,,0.23)|2012-04-30|2012-04-30|76164|0.00|576|||(,,75)|310|(,,2.61)|231|t|f|f||||Otaki Forks Fault|(3500,9000,)|(0.4,0.7,)|205||(0.0,0.0,0.0)|2012-04-27|2012-04-27|(,,0.6)|(,,0.23)|Dextral
27884|LINESTRING(175.172045975451 -40.9367190674263,175.173195524973 -40.9357291048121,175.175259149036 -40.93390671046,175.176697076749 -40.9315690917359,175.178182639747 -40.9294197231257,175.179280087277 -40.9274803309573,175.180173881868 -40.9249457334309,175.181296444252 -40.9228707236138,175.182378552252 -40.9210126577098,175.183757938831 -40.9188066579814,175.185980287145 -40.9164180513977,175.18731817831 -40.9147622810784,175.188615944495 -40.9132423747159)|100000|107775|76164|(,,75)|t|f||Otaki Forks Fault|0.00|576|||130|(,,2.61)|231||||(3500,9000,)|(,,0.6)|205||(0.4,0.7,)|(0.0,0.0,0.0)|(,,0.23)|2012-04-30|2012-04-30|76164|0.00|576|||(,,75)|310|(,,2.61)|231|t|f|f||||Otaki Forks Fault|(3500,9000,)|(0.4,0.7,)|205||(0.0,0.0,0.0)|2012-04-27|2012-04-27|(,,0.6)|(,,0.23)|Dextral
27885|LINESTRING(175.284866003552 -40.8482675914598,175.29060568359 -40.8421678416604)|10000|107775|76164|(,,75)|t|f||Otaki Forks Fault|0.00|576|||130|(,,2.61)|231||||(3500,9000,)|(,,0.6)|205||(0.4,0.7,)|(0.0,0.0,0.0)|(,,0.23)|2012-04-30|2012-04-30|76164|0.00|576|||(,,75)|310|(,,2.61)|231|t|f|f||||Otaki Forks Fault|(3500,9000,)|(0.4,0.7,)|205||(0.0,0.0,0.0)|2012-04-27|2012-04-27|(,,0.6)|(,,0.23)|Dextral
27886|LINESTRING(175.137853694977 -41.0022191340367,175.140660614456 -41.0006357592718,175.142476880447 -40.9996779716577,175.14321931826 -40.9989248880292,175.145131358306 -40.9966186488578,175.147213146771 -40.9941772050099,175.148468312668 -40.9920415259702,175.150046054336 -40.9891076892163,175.151523448658 -40.9863077210009,175.152983616684 -40.9829799584517,175.154381697725 -40.9798909735481,175.155341570188 -40.9772590050924,175.156080754222 -40.9753440845504,175.157043911963 -40.9728176614866,175.158988705599 -40.9704841475615,175.160999054178 -40.9690999466569,175.163825102101 -40.9670931373078,175.165801299202 -40.9657358909271)|50000|107775|76164|(,,75)|t|f||Otaki Forks Fault|0.00|576|||130|(,,2.61)|231||||(3500,9000,)|(,,0.6)|205||(0.4,0.7,)|(0.0,0.0,0.0)|(,,0.23)|2012-04-30|2012-04-30|76164|0.00|576|||(,,75)|310|(,,2.61)|231|t|f|f||||Otaki Forks Fault|(3500,9000,)|(0.4,0.7,)|205||(0.0,0.0,0.0)|2012-04-27|2012-04-27|(,,0.6)|(,,0.23)|Dextral
27887|LINESTRING(175.42454302818 -40.7007846845561,175.426879266075 -40.698699556276,175.429991289941 -40.6961430988706,175.433251579951 -40.693520366226,175.437568165101 -40.6902536138722,175.439173006768 -40.6889043939116)|100000|107775|76164|(,,75)|t|f||Otaki Forks Fault|0.00|576|||130|(,,2.61)|231||||(3500,9000,)|(,,0.6)|205||(0.4,0.7,)|(0.0,0.0,0.0)|(,,0.23)|2012-04-30|2012-04-30|76164|0.00|576|||(,,75)|310|(,,2.61)|231|t|f|f||||Otaki Forks Fault|(3500,9000,)|(0.4,0.7,)|205||(0.0,0.0,0.0)|2012-04-27|2012-04-27|(,,0.6)|(,,0.23)|Dextral
27888|LINESTRING(175.240014992534 -40.8716396443898,175.241321723246 -40.8709747168971,175.241558171253 -40.8707719480332,175.242192695804 -40.8702326523954,175.2427412135 -40.8698706840273)|10000|107775|76164|(,,75)|t|f||Otaki Forks Fault|0.00|576|||130|(,,2.61)|231||||(3500,9000,)|(,,0.6)|205||(0.4,0.7,)|(0.0,0.0,0.0)|(,,0.23)|2012-04-30|2012-04-30|76164|0.00|576|||(,,75)|310|(,,2.61)|231|t|f|f||||Otaki Forks Fault|(3500,9000,)|(0.4,0.7,)|205||(0.0,0.0,0.0)|2012-04-27|2012-04-27|(,,0.6)|(,,0.23)|Dextral
27889|LINESTRING(175.383567232289 -40.7423672680984,175.386652964278 -40.7386414306691,175.389063733225 -40.7354249590643,175.391300322845 -40.7327255453849,175.394747249949 -40.7301811645633,175.397554497562 -40.727803113416,175.399814869827 -40.7252877119514,175.402329737623 -40.7220327413393,175.404952179301 -40.7181538527741,175.406589188793 -40.7162638986958,175.410628153119 -40.7127742504294,175.415133655333 -40.7092656860164,175.419366079566 -40.705420319083,175.42454302818 -40.7007846845561)|100000|107775|76164|(,,75)|t|f||Otaki Forks Fault|0.00|576|||130|(,,2.61)|231||||(3500,9000,)|(,,0.6)|205||(0.4,0.7,)|(0.0,0.0,0.0)|(,,0.23)|2012-04-30|2012-04-30|76164|0.00|576|||(,,75)|310|(,,2.61)|231|t|f|f||||Otaki Forks Fault|(3500,9000,)|(0.4,0.7,)|205||(0.0,0.0,0.0)|2012-04-27|2012-04-27|(,,0.6)|(,,0.23)|Dextral
27890|LINESTRING(175.236279396273 -40.8739235322551,175.233826870519 -40.8755474164004)|10000|107775|76164|(,,75)|t|f||Otaki Forks Fault|0.00|576|||130|(,,2.61)|231||||(3500,9000,)|(,,0.6)|205||(0.4,0.7,)|(0.0,0.0,0.0)|(,,0.23)|2012-04-30|2012-04-30|76164|0.00|576|||(,,75)|310|(,,2.61)|231|t|f|f||||Otaki Forks Fault|(3500,9000,)|(0.4,0.7,)|205||(0.0,0.0,0.0)|2012-04-27|2012-04-27|(,,0.6)|(,,0.23)|Dextral
27891|LINESTRING(175.16597346041 -40.9658115213372,175.17152196262 -40.9554114141299,175.177187597563 -40.9458285068171,175.184485816074 -40.9337417399895,175.192740986046 -40.9196004667894,175.201746903472 -40.9077097423288,175.210003290013 -40.8976522036143,175.223617267391 -40.8835319538774,175.233826870519 -40.8755474164004)|100000|107775|76164|(,,75)|t|f||Otaki Forks Fault|0.00|576|||130|(,,2.61)|231||||(3500,9000,)|(,,0.6)|205||(0.4,0.7,)|(0.0,0.0,0.0)|(,,0.23)|2012-04-30|2012-04-30|76164|0.00|576|||(,,75)|310|(,,2.61)|231|t|f|f||||Otaki Forks Fault|(3500,9000,)|(0.4,0.7,)|205||(0.0,0.0,0.0)|2012-04-27|2012-04-27|(,,0.6)|(,,0.23)|Dextral
27892|LINESTRING(175.809973516643 -40.3514056986062,175.810964786682 -40.3502506953322,175.812615703258 -40.3487461981929,175.814529070557 -40.3470415397782,175.816208367445 -40.3455858544727,175.818299155385 -40.3441155811423,175.820099512762 -40.3427424795024,175.821005929999 -40.3421706520292,175.822889043574 -40.340948663182,175.823112790702 -40.3408080239977)|100000|109038|77416||t|f|||0.00|576|||320||231||||||205|||(0.0,0.0,0.0)||2012-04-30|2012-04-30|77416|0.00|576|||(,,75)|327|(,,4.52)|231|t|f|f||||Wellington Fault|(,,375)|(,,6.6)|205||(0.0,0.0,0.0)|2012-03-28|2012-03-28|(,,6.6)|(,,1.05)|Dextral
27893|LINESTRING(175.798371080897 -40.3630142598419,175.799731706709 -40.3618098489642,175.80056607464 -40.3609110497172,175.802090322283 -40.3592521028363,175.804165797232 -40.3574670972453,175.806067341067 -40.355821445177,175.807303475949 -40.3544622823292,175.808656978699 -40.3530236555615,175.809053446648 -40.352432808442,175.809973516643 -40.3514056986062)|100000|109038|77416||t|f|||0.00|576|||320||231||||||205|||(0.0,0.0,0.0)||2012-04-30|2012-04-30|77416|0.00|576|||(,,75)|327|(,,4.52)|231|t|f|f||||Wellington Fault|(,,375)|(,,6.6)|205||(0.0,0.0,0.0)|2012-03-28|2012-03-28|(,,6.6)|(,,1.05)|Dextral
27894|LINESTRING(174.802566110083 -41.3291899438695,174.802715920574 -41.3290975473411,174.802836024828 -41.3289020387627,174.802925711767 -41.3284683323336,174.803044212348 -41.328214306442,174.803374097679 -41.3273895815275,174.803418417834 -41.3272628008192,174.803443797587 -41.3267715530999,174.803426610777 -41.3263620264114,174.803541299511 -41.3254235673433,174.803553845183 -41.3250090742008,174.803658820074 -41.3245886382145,174.803746003636 -41.3241729824216,174.803938007121 -41.3234404669873,174.804272790474 -41.3212691925132,174.804438942708 -41.3209018409694,174.804766971766 -41.3203383269172,174.805007186829 -41.3197311481482,174.805139875872 -41.3193418007327,174.80528887167 -41.3188936566901,174.80524300685 -41.3187457645598,174.805225194947 -41.3183137305279,174.805221322875 -41.3178454531428,174.805296769124 -41.3175470626006,174.80538590734 -41.317203426023,174.805317248999 -41.3161147100046,174.80540515177 -41.3157260599911,174.805508743999 -41.3152561066985,174.805550486214 -41.3149267184537,174.805611248972 -41.3146375628497,174.805684222677 -41.3142491452022,174.80568044702 -41.3138934470438,174.805619708465 -41.3135296305696,174.80551046972 -41.3131395507231,174.805554431086 -41.3128911862379,174.80562863691 -41.3125477817428,174.80580354112 -41.3118470495711,174.805863806642 -41.3115398882483,174.805890866937 -41.3112197349441,174.806026248704 -41.3109294149996,174.806088956333 -41.3108203587486)|100000|107341|75730||t|f||Evans Bay Fault|0.00|576||||||||||||||(0.0,0.0,0.0)||2012-04-30|2012-04-30|75730|0.00|576|||||||t|f|f||||Evans Bay Fault|||||(0.0,0.0,0.0)|2012-04-27|2012-04-27|||
27895|LINESTRING(174.806088956333 -41.3108203587486,174.806219970665 -41.3105886490166,174.806353915562 -41.3100281554541,174.806503500014 -41.3096025154468,174.806517012746 -41.3092240307348,174.806436290512 -41.3086758921769,174.806494845871 -41.308197632887,174.806474684975 -41.3076800721891,174.806532005239 -41.3071567993487,174.806695989592 -41.3068209992842,174.806980517762 -41.3063076905293,174.807206167355 -41.306042979554,174.807493012541 -41.3057232736728,174.807795025411 -41.3054123367638,174.808201252282 -41.3050907651276,174.808487965017 -41.3047665554375,174.809015832955 -41.3043079828519,174.809256143619 -41.3040340320417,174.809377048991 -41.3038700250966,174.809556904513 -41.3036780771456,174.809600579482 -41.3035287866689,174.809632315849 -41.3033796827501,174.80965898426 -41.3030460239031)|100000|107341|75730||t|f||Evans Bay Fault|0.00|576||||||||||||||(0.0,0.0,0.0)||2012-04-30|2012-04-30|75730|0.00|576|||||||t|f|f||||Evans Bay Fault|||||(0.0,0.0,0.0)|2012-04-27|2012-04-27|||
27896|LINESTRING(174.889807673839 -41.2916467887588,174.889853257874 -41.2913623344226,174.889878228544 -41.2909836462948,174.889861810854 -41.2906191435983,174.889843054486 -41.2902771957331,174.889825459376 -41.2899757589574,174.889928543704 -41.2895102323103,174.890027289679 -41.2885809318532,174.890040968292 -41.2882249443603,174.890082533239 -41.2879045284291,174.890350382655 -41.2873552514023,174.89036509163 -41.287035273672,174.890313786762 -41.2865992865089,174.890235112897 -41.2861457326327,174.890261386297 -41.285708478949,174.890318673723 -41.2852076720224,174.890361558082 -41.2847251135085,174.890298046409 -41.2843838956579,174.890277887089 -41.2838888561106,174.890364622072 -41.2833740580856,174.890498174044 -41.2829305492235,174.890524444744 -41.2824932950448,174.890690410253 -41.2821393237055,174.890597322239 -41.2818075953546,174.890730064214 -41.2815442334096,174.890865158799 -41.2811547389072,174.890906973917 -41.2808433245161,174.89104035807 -41.2806024684128,174.890964237535 -41.2804460940185,174.890992425011 -41.2801799356354)|100000|107776|76165||t|f||Eastbourne Fault|0.00|576||||||||||||||(0.0,0.0,0.0)||2012-04-30|2012-04-30|76165|0.00|576|||||||t|f|f||||Eastbourne Fault|||||(0.0,0.0,0.0)|2012-04-27|2012-04-27|||
27897|LINESTRING(174.849910372258 -41.2749126631963,174.850167139348 -41.2748094866822,174.850317629208 -41.2744288003653,174.850603041995 -41.2741765544865,174.850768744579 -41.2739127114652,174.851038605769 -41.2736381962875,174.851279138025 -41.2733821628163,174.851429589959 -41.2732131330157,174.851745786515 -41.2728883382645,174.852074950031 -41.2723877043738,174.852329580664 -41.2719963424133,174.852508290467 -41.2716647382286,174.852734273626 -41.2714224443676,174.852899328739 -41.271136091568,174.853154582007 -41.270767234407,174.853516084562 -41.2703561455029,174.85372486754 -41.270033064481,174.85411588656 -41.2695044136484,174.85441435357 -41.269080821088,174.854654042884 -41.2686896927813,174.85495414819 -41.2683246161338,174.855256220462 -41.2679234802366,174.855525025949 -41.2676129438889,174.855794912531 -41.2672348391012,174.856020376057 -41.2667628751373,174.856274145377 -41.2662364164422,174.856467734456 -41.2659045667897,174.856676558484 -41.2654779017682,174.856824836629 -41.2650206837834,174.857048902541 -41.2642875444961,174.857180429686 -41.2636594665294,174.857343302284 -41.2630849258477,174.857473742517 -41.2625244152705,174.857606977741 -41.2618512752998,174.857662652604 -41.2613910380447,174.857780708589 -41.2609207929543,174.857807501694 -41.2606006235126,174.857713410621 -41.2601202723483,174.857664439792 -41.2596527071862,174.857647010582 -41.2591396020806,174.857595447957 -41.2584739297755,174.857504276013 -41.2580971089712,174.85743804697 -41.2576523372113,174.857405824688 -41.2573556312432,174.857356293284 -41.2567619799436,174.857306314262 -41.2562584032884,174.85724497127 -41.2558811034873,174.857121067616 -41.2554012294354,174.857056179741 -41.2548978916263,174.857109457516 -41.2541404688001,174.857168239097 -41.2536846841613,174.857117446337 -41.2530460184749,174.857068174622 -41.2524613688615,174.857079112766 -41.2520018480889,174.85709245742 -41.2516278529825,174.8572087385 -41.2508829287617,174.857280896884 -41.2505845475442,174.857414365106 -41.2499204081044,174.857766321594 -41.2484331452641,174.857899265268 -41.2479626590296,174.858122681732 -41.2475267475771,174.858301931662 -41.2472176396146,174.858571086964 -41.2468170200896,174.858828184346 -41.2464120900904,174.859156150756 -41.2458754228634,174.859395860681 -41.2452771246424,174.859694632047 -41.2447634415543,174.860099731729 -41.2442120219548,174.860427930858 -41.2436843536951,174.860758408806 -41.2432377089592,174.861058874366 -41.2428906205052,174.861418527456 -41.2424209876856,174.861809897582 -41.2420183945837,174.862245415504 -41.2414889946124,174.862635250996 -41.2410323823911,174.863070060886 -41.2405840517646,174.863478665011 -41.240158658292,174.864185674431 -41.239525804963,174.865042190302 -41.238800470347,174.865495240554 -41.2383653464997,174.866112653981 -41.2379410815348,174.866517858956 -41.2375022213738,174.866819032189 -41.2371821261209,174.867436627692 -41.2368704362118,174.867751629906 -41.2366176665322,174.868293559255 -41.2359514231328,174.868533200946 -41.2357764255006,174.868714816975 -41.2357644869879,174.869138594454 -41.2354559164145,174.869726064869 -41.2349240330738,174.870145193282 -41.2345569893682,174.870569211429 -41.2342574163218,174.870945475631 -41.2340621921042,174.871307898305 -41.2337996391323,174.871624147144 -41.2335918725698,174.871939755888 -41.2333615983789,174.872241093809 -41.2331540712084,174.872407457467 -41.2330252846533,174.872541791534 -41.2329240364898,174.872905306218 -41.232805570146)|100000|109042|77417||t|f||Somes Island West Fault|0.00|576||||||||||||||(0.0,0.0,0.0)||2012-04-30|2012-04-30|77417|0.00|576|||||||t|f|f||||Somes Island West Fault|||||(0.0,0.0,0.0)|2012-04-27|2012-04-27|||
27928|LINESTRING(175.217791778522 -41.1859344823651,175.219003861425 -41.1852807608237,175.219828055921 -41.1848821602099,175.221851642879 -41.1838975994617,175.224235490699 -41.1827259400468,175.226595422786 -41.1812889758098,175.228466385325 -41.1802036473359,175.23048945396 -41.1793000083508,175.232138550044 -41.1784440736961)|100000|109029|77407|(,,1)|t|f||Wairarapa Fault|0.00|576|||305|(,,12.1)|231|(95,95,95)|||(1040,1420,1230)|(,,11.6)|205||(,,8.1021)|(0.0,0.0,0.0)|(,,1.1351)|2012-04-30|2012-04-30|77407|0.00|576|||(,,80)|310|(,,12.1)|231|t|f|f|(95,95,95)|||Wairarapa Fault|(1040,1420,1230)|(,,11.5)|205||(0.0,0.0,0.0)|2012-04-27|2012-04-27|(,,11.6)|(,,1.1)|Dextral
27929|LINESTRING(175.669193049133 -40.8125967632395,175.669857241946 -40.8123787324295,175.670487302279 -40.8119002218213,175.671156640444 -40.8112180959737)|100000|109029|77407|(,,1)|t|f||Wairarapa Fault|0.00|576|||305|(,,12.1)|231|(95,95,95)|||(1040,1420,1230)|(,,11.6)|205||(,,8.1021)|(0.0,0.0,0.0)|(,,1.1351)|2012-04-30|2012-04-30|77407|0.00|576|||(,,80)|310|(,,12.1)|231|t|f|f|(95,95,95)|||Wairarapa Fault|(1040,1420,1230)|(,,11.5)|205||(0.0,0.0,0.0)|2012-04-27|2012-04-27|(,,11.6)|(,,1.1)|Dextral
27930|LINESTRING(175.555960085525 -40.9201470020908,175.557367834218 -40.9190754078642,175.55748897028 -40.9189826448132,175.558406351574 -40.9183632950509)|100000|109029|77407|(,,1)|t|f||Wairarapa Fault|0.00|576|||305|(,,12.1)|231|(95,95,95)|||(1040,1420,1230)|(,,11.6)|205||(,,8.1021)|(0.0,0.0,0.0)|(,,1.1351)|2012-04-30|2012-04-30|77407|0.00|576|||(,,80)|310|(,,12.1)|231|t|f|f|(95,95,95)|||Wairarapa Fault|(1040,1420,1230)|(,,11.5)|205||(0.0,0.0,0.0)|2012-04-27|2012-04-27|(,,11.6)|(,,1.1)|Dextral
27931|LINESTRING(175.554647266806 -40.9215272796583,175.555444367927 -40.9211763630814,175.556006787696 -40.9207450427135,175.556185705144 -40.9206104662088,175.556618797409 -40.9202135293436)|100000|109029|77407|(,,1)|t|f||Wairarapa Fault|0.00|576|||305|(,,12.1)|231|(95,95,95)|||(1040,1420,1230)|(,,11.6)|205||(,,8.1021)|(0.0,0.0,0.0)|(,,1.1351)|2012-04-30|2012-04-30|77407|0.00|576|||(,,80)|310|(,,12.1)|231|t|f|f|(95,95,95)|||Wairarapa Fault|(1040,1420,1230)|(,,11.5)|205||(0.0,0.0,0.0)|2012-04-27|2012-04-27|(,,11.6)|(,,1.1)|Dextral
27932|LINESTRING(175.255198512517 -41.160189882127,175.256892065398 -41.158738232213,175.259598094515 -41.1571857416027)|100000|109029|77407|(,,1)|t|f||Wairarapa Fault|0.00|576|||305|(,,12.1)|231|(95,95,95)|||(1040,1420,1230)|(,,11.6)|205||(,,8.1021)|(0.0,0.0,0.0)|(,,1.1351)|2012-04-30|2012-04-30|77407|0.00|576|||(,,80)|310|(,,12.1)|231|t|f|f|(95,95,95)|||Wairarapa Fault|(1040,1420,1230)|(,,11.5)|205||(0.0,0.0,0.0)|2012-04-27|2012-04-27|(,,11.6)|(,,1.1)|Dextral
27933|LINESTRING(175.147765758252 -41.2387567816171,175.149873615654 -41.2379881141772,175.151146937143 -41.2373339847955,175.152428448544 -41.2369318861339,175.153751973792 -41.2365379991998,175.155419513409 -41.2358089399527,175.156800938293 -41.2351797575324)|100000|109029|77407|(,,1)|t|f||Wairarapa Fault|0.00|576|||305|(,,12.1)|231|(95,95,95)|||(1040,1420,1230)|(,,11.6)|205||(,,8.1021)|(0.0,0.0,0.0)|(,,1.1351)|2012-04-30|2012-04-30|77407|0.00|576|||(,,80)|310|(,,12.1)|231|t|f|f|(95,95,95)|||Wairarapa Fault|(1040,1420,1230)|(,,11.5)|205||(0.0,0.0,0.0)|2012-04-27|2012-04-27|(,,11.6)|(,,1.1)|Dextral
27971|LINESTRING(175.296731252845 -41.1280773207203,175.297337985251 -41.1274527747775,175.298468362992 -41.1265566155437,175.300001273161 -41.1254182552209,175.302119907302 -41.1246825740697)|100000|109029|77407|(,,1)|t|f||Wairarapa Fault|0.00|576|||305|(,,12.1)|231|(95,95,95)|||(1040,1420,1230)|(,,11.6)|205||(,,8.1021)|(0.0,0.0,0.0)|(,,1.1351)|2012-04-30|2012-04-30|77407|0.00|576|||(,,80)|310|(,,12.1)|231|t|f|f|(95,95,95)|||Wairarapa Fault|(1040,1420,1230)|(,,11.5)|205||(0.0,0.0,0.0)|2012-04-27|2012-04-27|(,,11.6)|(,,1.1)|Dextral
27898|LINESTRING(174.859308194577 -41.2772164546432,174.859338727582 -41.2771349040348,174.859654395805 -41.2767920831604,174.859970378532 -41.2763546859457,174.860193176269 -41.2759998452705,174.86040467325 -41.2756677024558,174.860581955356 -41.2752865721439,174.860835719953 -41.2747601050074,174.860986529052 -41.2743929094649,174.861118358995 -41.2740935690746,174.861435524214 -41.2735931013793,174.861628091992 -41.273225233472,174.861882033667 -41.2728113446918,174.862093572809 -41.2723756204485,174.862287210441 -41.2719401836792,174.862510235324 -41.2715943409665,174.862764292439 -41.2711849514766,174.863019295542 -41.2707034923677,174.863304761155 -41.2702440591723,174.863528792335 -41.2699342249547,174.863740253506 -41.269602075791,174.86394961984 -41.2693014834614,174.864142797384 -41.268956117729,174.864369803312 -41.2686462338191,174.864879099624 -41.2681876952318,174.865209031109 -41.2677185338964,174.865568205959 -41.2671228060602,174.865824501278 -41.2665827753574,174.866092032764 -41.2661236235065,174.866454957437 -41.2657665106686,174.866784430288 -41.2653874191556,174.867263654821 -41.264816769995,174.867595516269 -41.2643115430827,174.86793892139 -41.2637926187513,174.868162960656 -41.2633791969922,174.86837124236 -41.2628309277939,174.868487567351 -41.2623021556943,174.868559583814 -41.261684030973,174.868617604304 -41.2613093143147,174.868900159356 -41.2605391794503,174.869150664727 -41.2597965813746,174.869359614535 -41.2591672380306,174.869474699718 -41.2584898726786,174.869517261051 -41.25788573229,174.869616792645 -41.2571861007351,174.869672861261 -41.2565322046699,174.869656566238 -41.2561676936963,174.86962135685 -41.255767461046,174.869436696353 -41.2552525536488,174.86928091991 -41.2548092337099,174.869080078346 -41.2542495530062,174.868970366343 -41.2537469447978,174.868832107975 -41.253289831108,174.86869023202 -41.2528102586438,174.868656839893 -41.2521578061449,174.868755735559 -41.2514356673363,174.868750840075 -41.2508412986746,174.868686888366 -41.2503739781608,174.868608332806 -41.2498123220039,174.868559344737 -41.2492411816831,174.868721243231 -41.2485315354745,174.868836649743 -41.2479712514615,174.868999333804 -41.2475002719051,174.869224050163 -41.2469021953192,174.869371358983 -41.246309871535,174.86960858385 -41.2458376871399,174.869894918779 -41.2454142463455,174.87022138724 -41.2448280339684,174.870672626022 -41.2441182125606,174.871076353884 -41.2435217421835,174.871465803567 -41.242948018092,174.871840291589 -41.2424781127965,174.872246297078 -41.2419626624085,174.8726519132 -41.2414337065568,174.87322130568 -41.2407895139576,174.873793370234 -41.2402398467205,174.874185929706 -41.2398822260172,174.87466499453 -41.2394196246509,174.875266636562 -41.2387568855019,174.875882623101 -41.2381794754375,174.876350888944 -41.2377575724477,174.876920853902 -41.2371358683688,174.877357498566 -41.2366514259614,174.877748700424 -41.2363523590126,174.878092835121 -41.2360765713942,174.878513880794 -41.2356734389843,174.878983008953 -41.2352830347892,174.879222141843 -41.2349864308516,174.879492205902 -41.2348334336243,174.88009689608 -41.2344903613455)|100000|108648|77033||t|f||Somes Island East Fault|0.00|576||||||||||||||(0.0,0.0,0.0)||2012-04-30|2012-04-30|77033|0.00|576|||||||t|f|f||||Somes Island East Fault|||||(0.0,0.0,0.0)|2012-04-27|2012-04-27|||
27899|LINESTRING(175.68512998774 -40.7957953058646,175.687878018121 -40.7920557537548,175.689947385862 -40.7894265262558,175.691741998397 -40.7866009446445,175.693186002514 -40.7842699907713,175.693990037052 -40.7829719620699,175.694485161063 -40.7820234727618,175.697270445997 -40.7777647694091,175.699233229318 -40.7755973100988,175.700650837451 -40.7737984079718,175.702325455861 -40.7715430147773,175.704172423132 -40.7686439066421,175.705272854177 -40.767212723721)|100000|109029|77407|(,,1)|t|f||Wairarapa Fault|0.00|576|||305|(,,12.1)|231|(95,95,95)|||(1040,1420,1230)|(,,11.6)|205||(,,8.1021)|(0.0,0.0,0.0)|(,,1.1351)|2012-04-30|2012-04-30|77407|0.00|576|||(,,80)|310|(,,12.1)|231|t|f|f|(95,95,95)|||Wairarapa Fault|(1040,1420,1230)|(,,11.5)|205||(0.0,0.0,0.0)|2012-04-27|2012-04-27|(,,11.6)|(,,1.1)|Dextral
27900|LINESTRING(175.663446017107 -40.8175986242241,175.663112580703 -40.8179351311516,175.662494079786 -40.81840882927,175.661136688749 -40.8193860116079,175.660003301458 -40.8201823507199,175.659080895756 -40.8211404967739)|100000|109029|77407|(,,1)|t|f||Wairarapa Fault|0.00|576|||305|(,,12.1)|231|(95,95,95)|||(1040,1420,1230)|(,,11.6)|205||(,,8.1021)|(0.0,0.0,0.0)|(,,1.1351)|2012-04-30|2012-04-30|77407|0.00|576|||(,,80)|310|(,,12.1)|231|t|f|f|(95,95,95)|||Wairarapa Fault|(1040,1420,1230)|(,,11.5)|205||(0.0,0.0,0.0)|2012-04-27|2012-04-27|(,,11.6)|(,,1.1)|Dextral
27901|LINESTRING(175.655946626666 -40.8235863761337,175.65687526451 -40.8230064931959,175.65699887428 -40.8229090594851,175.657628049635 -40.8224036151792,175.657952553164 -40.8221394025662,175.659043823163 -40.8211773850572,175.659080895756 -40.8211404967739)|100000|109029|77407|(,,1)|t|f||Wairarapa Fault|0.00|576|||305|(,,12.1)|231|(95,95,95)|||(1040,1420,1230)|(,,11.6)|205||(,,8.1021)|(0.0,0.0,0.0)|(,,1.1351)|2012-04-30|2012-04-30|77407|0.00|576|||(,,80)|310|(,,12.1)|231|t|f|f|(95,95,95)|||Wairarapa Fault|(1040,1420,1230)|(,,11.5)|205||(0.0,0.0,0.0)|2012-04-27|2012-04-27|(,,11.6)|(,,1.1)|Dextral
27902|LINESTRING(175.655898356352 -40.8196144947285,175.656508387502 -40.8191500358505,175.657248763569 -40.818385280895,175.657818217135 -40.8177956199152,175.65803905935 -40.8172364887376,175.658304504343 -40.8166808366416,175.658806602407 -40.8163359627745,175.659714544504 -40.8160583339639,175.660718697191 -40.8156658718821,175.66180074513 -40.8151454817228)|100000|109029|77407|(,,1)|t|f||Wairarapa Fault|0.00|576|||305|(,,12.1)|231|(95,95,95)|||(1040,1420,1230)|(,,11.6)|205||(,,8.1021)|(0.0,0.0,0.0)|(,,1.1351)|2012-04-30|2012-04-30|77407|0.00|576|||(,,80)|310|(,,12.1)|231|t|f|f|(95,95,95)|||Wairarapa Fault|(1040,1420,1230)|(,,11.5)|205||(0.0,0.0,0.0)|2012-04-27|2012-04-27|(,,11.6)|(,,1.1)|Dextral
27903|LINESTRING(175.613727917541 -40.8633493522051,175.614340896862 -40.8624886716657,175.614982688875 -40.8610012205813,175.615593687752 -40.8597126560314,175.615822207579 -40.8588831785901)|100000|109029|77407|(,,1)|t|f||Wairarapa Fault|0.00|576|||305|(,,12.1)|231|(95,95,95)|||(1040,1420,1230)|(,,11.6)|205||(,,8.1021)|(0.0,0.0,0.0)|(,,1.1351)|2012-04-30|2012-04-30|77407|0.00|576|||(,,80)|310|(,,12.1)|231|t|f|f|(95,95,95)|||Wairarapa Fault|(1040,1420,1230)|(,,11.5)|205||(0.0,0.0,0.0)|2012-04-27|2012-04-27|(,,11.6)|(,,1.1)|Dextral
27904|LINESTRING(175.55978955935 -40.9168868249388,175.560551851998 -40.9160186463245,175.561059764066 -40.9155614802724,175.561929479874 -40.9147855051894,175.563271853729 -40.9134089894998,175.564678693608 -40.9121661581372,175.565892318565 -40.9109951578381,175.56732788883 -40.9095759868154,175.567631536034 -40.9092899817794,175.569299277838 -40.9077350077975,175.569577256252 -40.9074765932433,175.570698609511 -40.9062265102564,175.571852693561 -40.9051333399178,175.572548024751 -40.904460251342,175.572927521093 -40.9041410150385,175.573643222416 -40.9036116054879,175.574138404047 -40.9030600707785,175.574631452178 -40.9027608244217,175.575341880787 -40.9023261124589,175.57670010534 -40.9012193394027,175.577618491697 -40.9002529737413,175.577773064324 -40.9001053914873,175.578356805788 -40.8995428561673,175.578444037504 -40.8994192950971,175.579040693737 -40.8985771985541,175.579269049431 -40.8984189610502,175.580191010293 -40.8977768081267,175.58120995036 -40.8968802412332)|100000|109029|77407|(,,1)|t|f||Wairarapa Fault|0.00|576|||305|(,,12.1)|231|(95,95,95)|||(1040,1420,1230)|(,,11.6)|205||(,,8.1021)|(0.0,0.0,0.0)|(,,1.1351)|2012-04-30|2012-04-30|77407|0.00|576|||(,,80)|310|(,,12.1)|231|t|f|f|(95,95,95)|||Wairarapa Fault|(1040,1420,1230)|(,,11.5)|205||(0.0,0.0,0.0)|2012-04-27|2012-04-27|(,,11.6)|(,,1.1)|Dextral
27905|LINESTRING(175.558406351574 -40.9183632950509,175.558991450042 -40.9178278590416,175.55978955935 -40.9168868249388)|100000|109029|77407|(,,1)|t|f||Wairarapa Fault|0.00|576|||305|(,,12.1)|231|(95,95,95)|||(1040,1420,1230)|(,,11.6)|205||(,,8.1021)|(0.0,0.0,0.0)|(,,1.1351)|2012-04-30|2012-04-30|77407|0.00|576|||(,,80)|310|(,,12.1)|231|t|f|f|(95,95,95)|||Wairarapa Fault|(1040,1420,1230)|(,,11.5)|205||(0.0,0.0,0.0)|2012-04-27|2012-04-27|(,,11.6)|(,,1.1)|Dextral
27906|LINESTRING(175.439038022781 -41.024275115085,175.439888115695 -41.023617628586,175.440916957544 -41.0228888060959,175.442264509921 -41.022013625393,175.443003631283 -41.021493577313)|50000|109029|77407|(,,1)|t|f||Wairarapa Fault|0.00|576|||305|(,,12.1)|231|(95,95,95)|||(1040,1420,1230)|(,,11.6)|205||(,,8.1021)|(0.0,0.0,0.0)|(,,1.1351)|2012-04-30|2012-04-30|77407|0.00|576|||(,,80)|310|(,,12.1)|231|t|f|f|(95,95,95)|||Wairarapa Fault|(1040,1420,1230)|(,,11.5)|205||(0.0,0.0,0.0)|2012-04-27|2012-04-27|(,,11.6)|(,,1.1)|Dextral
27907|LINESTRING(175.59310883882 -40.8852091684115,175.593318582388 -40.8847270041578,175.593933637033 -40.8842132325838,175.594783744059 -40.8834869855926,175.595197045222 -40.8832795243323,175.595541802271 -40.8830645903007)|100000|109029|77407|(,,1)|t|f||Wairarapa Fault|0.00|576|||305|(,,12.1)|231|(95,95,95)|||(1040,1420,1230)|(,,11.6)|205||(,,8.1021)|(0.0,0.0,0.0)|(,,1.1351)|2012-04-30|2012-04-30|77407|0.00|576|||(,,80)|310|(,,12.1)|231|t|f|f|(95,95,95)|||Wairarapa Fault|(1040,1420,1230)|(,,11.5)|205||(0.0,0.0,0.0)|2012-04-27|2012-04-27|(,,11.6)|(,,1.1)|Dextral
27908|LINESTRING(175.225610954088 -41.1863114327563,175.22600895188 -41.1858264002349)|100000|109029|77407|(,,1)|t|f||Wairarapa Fault|0.00|576|||305|(,,12.1)|231|(95,95,95)|||(1040,1420,1230)|(,,11.6)|205||(,,8.1021)|(0.0,0.0,0.0)|(,,1.1351)|2012-04-30|2012-04-30|77407|0.00|576|||(,,80)|310|(,,12.1)|231|t|f|f|(95,95,95)|||Wairarapa Fault|(1040,1420,1230)|(,,11.5)|205||(0.0,0.0,0.0)|2012-04-27|2012-04-27|(,,11.6)|(,,1.1)|Dextral
27909|LINESTRING(175.684080764918 -40.7967521007729,175.683843976956 -40.7970548960167,175.683792668423 -40.7971056366096,175.683630221011 -40.7972670650672)|100000|109029|77407|(,,1)|t|f||Wairarapa Fault|0.00|576|||305|(,,12.1)|231|(95,95,95)|||(1040,1420,1230)|(,,11.6)|205||(,,8.1021)|(0.0,0.0,0.0)|(,,1.1351)|2012-04-30|2012-04-30|77407|0.00|576|||(,,80)|310|(,,12.1)|231|t|f|f|(95,95,95)|||Wairarapa Fault|(1040,1420,1230)|(,,11.5)|205||(0.0,0.0,0.0)|2012-04-27|2012-04-27|(,,11.6)|(,,1.1)|Dextral
27910|LINESTRING(175.490714826131 -40.9838494863187,175.490888777594 -40.9837331389098,175.491092591309 -40.9836206526716,175.491382854771 -40.9835153135542,175.491535578331 -40.9834669844513,175.491766687004 -40.9834484967548,175.491914820543 -40.983436299233,175.492215743625 -40.9834568449533,175.492530062823 -40.9835176388405,175.492720780475 -40.9835315481856,175.4929880282 -40.9835257922228,175.493332649487 -40.9835228730492,175.49351361522 -40.9835144703806)|50000|109029|77407|(,,1)|t|f||Wairarapa Fault|0.00|576|||305|(,,12.1)|231|(95,95,95)|||(1040,1420,1230)|(,,11.6)|205||(,,8.1021)|(0.0,0.0,0.0)|(,,1.1351)|2012-04-30|2012-04-30|77407|0.00|576|||(,,80)|310|(,,12.1)|231|t|f|f|(95,95,95)|||Wairarapa Fault|(1040,1420,1230)|(,,11.5)|205||(0.0,0.0,0.0)|2012-04-27|2012-04-27|(,,11.6)|(,,1.1)|Dextral
27911|LINESTRING(175.675580722075 -40.8067374341799,175.676264995048 -40.8058387122755)|100000|109029|77407|(,,1)|t|f||Wairarapa Fault|0.00|576|||305|(,,12.1)|231|(95,95,95)|||(1040,1420,1230)|(,,11.6)|205||(,,8.1021)|(0.0,0.0,0.0)|(,,1.1351)|2012-04-30|2012-04-30|77407|0.00|576|||(,,80)|310|(,,12.1)|231|t|f|f|(95,95,95)|||Wairarapa Fault|(1040,1420,1230)|(,,11.5)|205||(0.0,0.0,0.0)|2012-04-27|2012-04-27|(,,11.6)|(,,1.1)|Dextral
27912|LINESTRING(175.242664328207 -41.1686569703037,175.243350271772 -41.168233852973,175.243947709204 -41.1677493948141)|100000|109029|77407|(,,1)|t|f||Wairarapa Fault|0.00|576|||305|(,,12.1)|231|(95,95,95)|||(1040,1420,1230)|(,,11.6)|205||(,,8.1021)|(0.0,0.0,0.0)|(,,1.1351)|2012-04-30|2012-04-30|77407|0.00|576|||(,,80)|310|(,,12.1)|231|t|f|f|(95,95,95)|||Wairarapa Fault|(1040,1420,1230)|(,,11.5)|205||(0.0,0.0,0.0)|2012-04-27|2012-04-27|(,,11.6)|(,,1.1)|Dextral
27913|LINESTRING(175.705272854177 -40.767212723721,175.707431885105 -40.7656621528118,175.708355090461 -40.7643927494421,175.709558986334 -40.7628870244229,175.710492493003 -40.7615813233446,175.710834971098 -40.7610417468515,175.711301693359 -40.7605713306687,175.712371609089 -40.7596363006599,175.713200443856 -40.7588195331807,175.714268699991 -40.7577719069996,175.715240184813 -40.7571139433728,175.715901492298 -40.7564767704989,175.716801298631 -40.7555862340226)|100000|109029|77407|(,,1)|t|f||Wairarapa Fault|0.00|576|||305|(,,12.1)|231|(95,95,95)|||(1040,1420,1230)|(,,11.6)|205||(,,8.1021)|(0.0,0.0,0.0)|(,,1.1351)|2012-04-30|2012-04-30|77407|0.00|576|||(,,80)|310|(,,12.1)|231|t|f|f|(95,95,95)|||Wairarapa Fault|(1040,1420,1230)|(,,11.5)|205||(0.0,0.0,0.0)|2012-04-27|2012-04-27|(,,11.6)|(,,1.1)|Dextral
27914|LINESTRING(175.20824511254 -41.2009472618024,175.209777020757 -41.1995939909008,175.211362052968 -41.1986720305277,175.212095116507 -41.1982166809822,175.212992003811 -41.19766812503)|100000|109029|77407|(,,1)|t|f||Wairarapa Fault|0.00|576|||305|(,,12.1)|231|(95,95,95)|||(1040,1420,1230)|(,,11.6)|205||(,,8.1021)|(0.0,0.0,0.0)|(,,1.1351)|2012-04-30|2012-04-30|77407|0.00|576|||(,,80)|310|(,,12.1)|231|t|f|f|(95,95,95)|||Wairarapa Fault|(1040,1420,1230)|(,,11.5)|205||(0.0,0.0,0.0)|2012-04-27|2012-04-27|(,,11.6)|(,,1.1)|Dextral
27915|LINESTRING(175.012413099774 -41.336276485043,175.01467228706 -41.3343458347416,175.017261323027 -41.3319725746563,175.018981965663 -41.3305105498255,175.020643236325 -41.3290630437956,175.022765105786 -41.3270535636711,175.024832879313 -41.3246486952024,175.026781710158 -41.3223629545492,175.029515567031 -41.3197752162969,175.033478373634 -41.316274184663)|100000|109029|77407|(,,1)|t|f||Wairarapa Fault|0.00|576|||305|(,,12.1)|231|(95,95,95)|||(1040,1420,1230)|(,,11.6)|205||(,,8.1021)|(0.0,0.0,0.0)|(,,1.1351)|2012-04-30|2012-04-30|77407|0.00|576|||(,,80)|310|(,,12.1)|231|t|f|f|(95,95,95)|||Wairarapa Fault|(1040,1420,1230)|(,,11.5)|205||(0.0,0.0,0.0)|2012-04-27|2012-04-27|(,,11.6)|(,,1.1)|Dextral
27916|LINESTRING(175.232138550044 -41.1784440736961,175.233570362393 -41.1774211666223,175.234571035883 -41.1768704354856)|100000|109029|77407|(,,1)|t|f||Wairarapa Fault|0.00|576|||305|(,,12.1)|231|(95,95,95)|||(1040,1420,1230)|(,,11.6)|205||(,,8.1021)|(0.0,0.0,0.0)|(,,1.1351)|2012-04-30|2012-04-30|77407|0.00|576|||(,,80)|310|(,,12.1)|231|t|f|f|(95,95,95)|||Wairarapa Fault|(1040,1420,1230)|(,,11.5)|205||(0.0,0.0,0.0)|2012-04-27|2012-04-27|(,,11.6)|(,,1.1)|Dextral
27917|LINESTRING(175.716801298631 -40.7555862340226,175.716668317101 -40.7533325202231,175.716470144454 -40.7512965602378,175.716505947875 -40.749187531947,175.716620992716 -40.7480091086706)|100000|109029|77407|(,,1)|t|f||Wairarapa Fault|0.00|576|||305|(,,12.1)|231|(95,95,95)|||(1040,1420,1230)|(,,11.6)|205||(,,8.1021)|(0.0,0.0,0.0)|(,,1.1351)|2012-04-30|2012-04-30|77407|0.00|576|||(,,80)|310|(,,12.1)|231|t|f|f|(95,95,95)|||Wairarapa Fault|(1040,1420,1230)|(,,11.5)|205||(0.0,0.0,0.0)|2012-04-27|2012-04-27|(,,11.6)|(,,1.1)|Dextral
27918|LINESTRING(175.640033637884 -40.8351893301173,175.640478786883 -40.8348233167391,175.641352912688 -40.8343574188705)|100000|109029|77407|(,,1)|t|f||Wairarapa Fault|0.00|576|||305|(,,12.1)|231|(95,95,95)|||(1040,1420,1230)|(,,11.6)|205||(,,8.1021)|(0.0,0.0,0.0)|(,,1.1351)|2012-04-30|2012-04-30|77407|0.00|576|||(,,80)|310|(,,12.1)|231|t|f|f|(95,95,95)|||Wairarapa Fault|(1040,1420,1230)|(,,11.5)|205||(0.0,0.0,0.0)|2012-04-27|2012-04-27|(,,11.6)|(,,1.1)|Dextral
27919|LINESTRING(175.663446017107 -40.8175986242241,175.663679916758 -40.8167734136059,175.66372730795 -40.8161777235496,175.663974302954 -40.8156810416459,175.664655773894 -40.8153004798352,175.665489359506 -40.8147947866972)|100000|109029|77407|(,,1)|t|f||Wairarapa Fault|0.00|576|||305|(,,12.1)|231|(95,95,95)|||(1040,1420,1230)|(,,11.6)|205||(,,8.1021)|(0.0,0.0,0.0)|(,,1.1351)|2012-04-30|2012-04-30|77407|0.00|576|||(,,80)|310|(,,12.1)|231|t|f|f|(95,95,95)|||Wairarapa Fault|(1040,1420,1230)|(,,11.5)|205||(0.0,0.0,0.0)|2012-04-27|2012-04-27|(,,11.6)|(,,1.1)|Dextral
27920|LINESTRING(175.040778258624 -41.3127322914619,175.040882003713 -41.3125143029897,175.04103350362 -41.3122954731273,175.04122609144 -41.3120534023701,175.041376416809 -41.3118931363296,175.042742087968 -41.3104775281054,175.043873831709 -41.309705507071,175.045031065427 -41.308793420521,175.045257105195 -41.3086678395886,175.045544282985 -41.3084916417873,175.045678778002 -41.3083991998224,175.045876087518 -41.3083101518489,175.045997335619 -41.3082719837866,175.046100396968 -41.3082251300629,175.046208728583 -41.3081556663481,175.04631151013 -41.3080998106485)|100000|109029|77407|(,,1)|t|f||Wairarapa Fault|0.00|576|||305|(,,12.1)|231|(95,95,95)|||(1040,1420,1230)|(,,11.6)|205||(,,8.1021)|(0.0,0.0,0.0)|(,,1.1351)|2012-04-30|2012-04-30|77407|0.00|576|||(,,80)|310|(,,12.1)|231|t|f|f|(95,95,95)|||Wairarapa Fault|(1040,1420,1230)|(,,11.5)|205||(0.0,0.0,0.0)|2012-04-27|2012-04-27|(,,11.6)|(,,1.1)|Dextral
27921|LINESTRING(175.000507512471 -41.3479570468514,175.00465798156 -41.3453139375082,175.005587078305 -41.3447214383447,175.010160875684 -41.3412782189387)|100000|109029|77407|(,,1)|t|f||Wairarapa Fault|0.00|576|||305|(,,12.1)|231|(95,95,95)|||(1040,1420,1230)|(,,11.6)|205||(,,8.1021)|(0.0,0.0,0.0)|(,,1.1351)|2012-04-30|2012-04-30|77407|0.00|576|||(,,80)|310|(,,12.1)|231|t|f|f|(95,95,95)|||Wairarapa Fault|(1040,1420,1230)|(,,11.5)|205||(0.0,0.0,0.0)|2012-04-27|2012-04-27|(,,11.6)|(,,1.1)|Dextral
27922|LINESTRING(175.212992003811 -41.19766812503,175.2136746333 -41.1970425917111,175.21434608651 -41.1964397858325)|100000|109029|77407|(,,1)|t|f||Wairarapa Fault|0.00|576|||305|(,,12.1)|231|(95,95,95)|||(1040,1420,1230)|(,,11.6)|205||(,,8.1021)|(0.0,0.0,0.0)|(,,1.1351)|2012-04-30|2012-04-30|77407|0.00|576|||(,,80)|310|(,,12.1)|231|t|f|f|(95,95,95)|||Wairarapa Fault|(1040,1420,1230)|(,,11.5)|205||(0.0,0.0,0.0)|2012-04-27|2012-04-27|(,,11.6)|(,,1.1)|Dextral
27923|LINESTRING(175.618768135692 -40.8570778273489,175.619012547032 -40.8567299578278,175.619239527496 -40.8563914911997,175.619606381165 -40.8558381485644,175.620496254819 -40.8547054002687,175.621007334096 -40.8539731127147,175.621596605634 -40.8531174308642,175.621945196972 -40.8527041315506,175.622350399778 -40.8522219812748,175.622418515359 -40.8521438617836,175.622604549998 -40.8518964047794,175.622965646149 -40.8514242607943)|100000|109029|77407|(,,1)|t|f||Wairarapa Fault|0.00|576|||305|(,,12.1)|231|(95,95,95)|||(1040,1420,1230)|(,,11.6)|205||(,,8.1021)|(0.0,0.0,0.0)|(,,1.1351)|2012-04-30|2012-04-30|77407|0.00|576|||(,,80)|310|(,,12.1)|231|t|f|f|(95,95,95)|||Wairarapa Fault|(1040,1420,1230)|(,,11.5)|205||(0.0,0.0,0.0)|2012-04-27|2012-04-27|(,,11.6)|(,,1.1)|Dextral
27924|LINESTRING(175.451294309093 -41.0165935708359,175.451716793712 -41.0163594210281,175.452284001577 -41.0160186106715,175.452847568255 -41.0156598584162,175.453335547386 -41.0153477458652)|50000|109029|77407|(,,1)|t|f||Wairarapa Fault|0.00|576|||305|(,,12.1)|231|(95,95,95)|||(1040,1420,1230)|(,,11.6)|205||(,,8.1021)|(0.0,0.0,0.0)|(,,1.1351)|2012-04-30|2012-04-30|77407|0.00|576|||(,,80)|310|(,,12.1)|231|t|f|f|(95,95,95)|||Wairarapa Fault|(1040,1420,1230)|(,,11.5)|205||(0.0,0.0,0.0)|2012-04-27|2012-04-27|(,,11.6)|(,,1.1)|Dextral
27925|LINESTRING(175.535783208049 -40.939815123097,175.534753481583 -40.940616916602,175.53382131017 -40.9411733351035,175.53314495555 -40.9415845151518,175.532643905856 -40.9421540080983,175.531349985644 -40.9434299932379,175.531307354318 -40.9434804723954)|100000|109029|77407|(,,1)|t|f||Wairarapa Fault|0.00|576|||305|(,,12.1)|231|(95,95,95)|||(1040,1420,1230)|(,,11.6)|205||(,,8.1021)|(0.0,0.0,0.0)|(,,1.1351)|2012-04-30|2012-04-30|77407|0.00|576|||(,,80)|310|(,,12.1)|231|t|f|f|(95,95,95)|||Wairarapa Fault|(1040,1420,1230)|(,,11.5)|205||(0.0,0.0,0.0)|2012-04-27|2012-04-27|(,,11.6)|(,,1.1)|Dextral
27926|LINESTRING(175.267311017962 -41.1505496783239,175.267798585723 -41.1500852577724)|100000|109029|77407|(,,1)|t|f||Wairarapa Fault|0.00|576|||305|(,,12.1)|231|(95,95,95)|||(1040,1420,1230)|(,,11.6)|205||(,,8.1021)|(0.0,0.0,0.0)|(,,1.1351)|2012-04-30|2012-04-30|77407|0.00|576|||(,,80)|310|(,,12.1)|231|t|f|f|(95,95,95)|||Wairarapa Fault|(1040,1420,1230)|(,,11.5)|205||(0.0,0.0,0.0)|2012-04-27|2012-04-27|(,,11.6)|(,,1.1)|Dextral
27927|LINESTRING(175.147795582801 -41.2394903014728,175.149718529769 -41.2386304913934,175.150755224079 -41.2381293732766,175.15272031591 -41.2371921705698,175.153498191309 -41.2367138507934)|100000|109029|77407|(,,1)|t|f||Wairarapa Fault|0.00|576|||305|(,,12.1)|231|(95,95,95)|||(1040,1420,1230)|(,,11.6)|205||(,,8.1021)|(0.0,0.0,0.0)|(,,1.1351)|2012-04-30|2012-04-30|77407|0.00|576|||(,,80)|310|(,,12.1)|231|t|f|f|(95,95,95)|||Wairarapa Fault|(1040,1420,1230)|(,,11.5)|205||(0.0,0.0,0.0)|2012-04-27|2012-04-27|(,,11.6)|(,,1.1)|Dextral
27934|LINESTRING(175.622965646149 -40.8514242607943,175.623092630139 -40.8512592217167,175.624128387676 -40.8502943044308,175.625172689144 -40.8490949517242)|100000|109029|77407|(,,1)|t|f||Wairarapa Fault|0.00|576|||305|(,,12.1)|231|(95,95,95)|||(1040,1420,1230)|(,,11.6)|205||(,,8.1021)|(0.0,0.0,0.0)|(,,1.1351)|2012-04-30|2012-04-30|77407|0.00|576|||(,,80)|310|(,,12.1)|231|t|f|f|(95,95,95)|||Wairarapa Fault|(1040,1420,1230)|(,,11.5)|205||(0.0,0.0,0.0)|2012-04-27|2012-04-27|(,,11.6)|(,,1.1)|Dextral
27935|LINESTRING(175.12778664492 -41.2422238829841,175.128964233166 -41.2422923174555,175.129649160038 -41.2423472805064,175.130695935704 -41.2423370391832,175.131466239256 -41.2422643231279,175.132221488529 -41.2421873755514,175.132960520275 -41.2420701901302,175.133656282479 -41.2419988320009,175.13464385953 -41.242003155995,175.135430808207 -41.2419841490188,175.136235062353 -41.2419468035848,175.13701938764 -41.2418467711399,175.137642793258 -41.2418442764953,175.138564113733 -41.241737202151,175.139365235489 -41.2416953893952,175.140350473161 -41.2416276520697,175.141094299558 -41.2416589420882,175.142133613805 -41.2414190568939,175.142747752816 -41.241223055376,175.143422245914 -41.2410484514749,175.144128799545 -41.2408507327119,175.144847624034 -41.2405717192494,175.145443184318 -41.240263459569,175.146055839753 -41.2400224327804,175.146707942633 -41.239618545296,175.146798167872 -41.2395493206551,175.147229685337 -41.2393341617064)|100000|109029|77407|(,,1)|t|f||Wairarapa Fault|0.00|576|||305|(,,12.1)|231|(95,95,95)|||(1040,1420,1230)|(,,11.6)|205||(,,8.1021)|(0.0,0.0,0.0)|(,,1.1351)|2012-04-30|2012-04-30|77407|0.00|576|||(,,80)|310|(,,12.1)|231|t|f|f|(95,95,95)|||Wairarapa Fault|(1040,1420,1230)|(,,11.5)|205||(0.0,0.0,0.0)|2012-04-27|2012-04-27|(,,11.6)|(,,1.1)|Dextral
27936|LINESTRING(175.58120995036 -40.8968802412332,175.581713220713 -40.8963104751202)|100000|109029|77407|(,,1)|t|f||Wairarapa Fault|0.00|576|||305|(,,12.1)|231|(95,95,95)|||(1040,1420,1230)|(,,11.6)|205||(,,8.1021)|(0.0,0.0,0.0)|(,,1.1351)|2012-04-30|2012-04-30|77407|0.00|576|||(,,80)|310|(,,12.1)|231|t|f|f|(95,95,95)|||Wairarapa Fault|(1040,1420,1230)|(,,11.5)|205||(0.0,0.0,0.0)|2012-04-27|2012-04-27|(,,11.6)|(,,1.1)|Dextral
27937|LINESTRING(175.554647266806 -40.9215272796583,175.555526785999 -40.9206160098846,175.555646718595 -40.9204917453117,175.555960085525 -40.9201470020908)|100000|109029|77407|(,,1)|t|f||Wairarapa Fault|0.00|576|||305|(,,12.1)|231|(95,95,95)|||(1040,1420,1230)|(,,11.6)|205||(,,8.1021)|(0.0,0.0,0.0)|(,,1.1351)|2012-04-30|2012-04-30|77407|0.00|576|||(,,80)|310|(,,12.1)|231|t|f|f|(95,95,95)|||Wairarapa Fault|(1040,1420,1230)|(,,11.5)|205||(0.0,0.0,0.0)|2012-04-27|2012-04-27|(,,11.6)|(,,1.1)|Dextral
27938|LINESTRING(175.219455449268 -41.1865691532594,175.22092294772 -41.1858879994229,175.224290387833 -41.1840039177681,175.227649465423 -41.1824081296168,175.230208020866 -41.1810303222569,175.232126631271 -41.1800340898296,175.234136539637 -41.1784776119612)|100000|109029|77407|(,,1)|t|f||Wairarapa Fault|0.00|576|||305|(,,12.1)|231|(95,95,95)|||(1040,1420,1230)|(,,11.6)|205||(,,8.1021)|(0.0,0.0,0.0)|(,,1.1351)|2012-04-30|2012-04-30|77407|0.00|576|||(,,80)|310|(,,12.1)|231|t|f|f|(95,95,95)|||Wairarapa Fault|(1040,1420,1230)|(,,11.5)|205||(0.0,0.0,0.0)|2012-04-27|2012-04-27|(,,11.6)|(,,1.1)|Dextral
27939|LINESTRING(175.317209251117 -41.1136040372361,175.318601945615 -41.1129005882757,175.320174562727 -41.1115539770438,175.321580164647 -41.1101161121789,175.324097603521 -41.1084622539009,175.326218672652 -41.1065460740285,175.328507228383 -41.1048246531401,175.331208544075 -41.1018067813619,175.332159853739 -41.1004995290282)|100000|109029|77407|(,,1)|t|f||Wairarapa Fault|0.00|576|||305|(,,12.1)|231|(95,95,95)|||(1040,1420,1230)|(,,11.6)|205||(,,8.1021)|(0.0,0.0,0.0)|(,,1.1351)|2012-04-30|2012-04-30|77407|0.00|576|||(,,80)|310|(,,12.1)|231|t|f|f|(95,95,95)|||Wairarapa Fault|(1040,1420,1230)|(,,11.5)|205||(0.0,0.0,0.0)|2012-04-27|2012-04-27|(,,11.6)|(,,1.1)|Dextral
27940|LINESTRING(175.636867217596 -40.8399326908586,175.637303288497 -40.8394858169495,175.637907402155 -40.8388639396996,175.639135747884 -40.8377548507063,175.639953020782 -40.8369749470731,175.640366889154 -40.8364925315557,175.64042347326 -40.8364236728882,175.640753324936 -40.8361413707539)|100000|109029|77407|(,,1)|t|f||Wairarapa Fault|0.00|576|||305|(,,12.1)|231|(95,95,95)|||(1040,1420,1230)|(,,11.6)|205||(,,8.1021)|(0.0,0.0,0.0)|(,,1.1351)|2012-04-30|2012-04-30|77407|0.00|576|||(,,80)|310|(,,12.1)|231|t|f|f|(95,95,95)|||Wairarapa Fault|(1040,1420,1230)|(,,11.5)|205||(0.0,0.0,0.0)|2012-04-27|2012-04-27|(,,11.6)|(,,1.1)|Dextral
27941|LINESTRING(175.677014473968 -40.8048664039711,175.677222066054 -40.8045733078423,175.67821768943 -40.8037529543999,175.678427512463 -40.8034417859967)|100000|109029|77407|(,,1)|t|f||Wairarapa Fault|0.00|576|||305|(,,12.1)|231|(95,95,95)|||(1040,1420,1230)|(,,11.6)|205||(,,8.1021)|(0.0,0.0,0.0)|(,,1.1351)|2012-04-30|2012-04-30|77407|0.00|576|||(,,80)|310|(,,12.1)|231|t|f|f|(95,95,95)|||Wairarapa Fault|(1040,1420,1230)|(,,11.5)|205||(0.0,0.0,0.0)|2012-04-27|2012-04-27|(,,11.6)|(,,1.1)|Dextral
27942|LINESTRING(175.543830035653 -40.9325443136586,175.544307652784 -40.9323761648629,175.54492097876 -40.9320293632101,175.545329185206 -40.9317546338268)|100000|109029|77407|(,,1)|t|f||Wairarapa Fault|0.00|576|||305|(,,12.1)|231|(95,95,95)|||(1040,1420,1230)|(,,11.6)|205||(,,8.1021)|(0.0,0.0,0.0)|(,,1.1351)|2012-04-30|2012-04-30|77407|0.00|576|||(,,80)|310|(,,12.1)|231|t|f|f|(95,95,95)|||Wairarapa Fault|(1040,1420,1230)|(,,11.5)|205||(0.0,0.0,0.0)|2012-04-27|2012-04-27|(,,11.6)|(,,1.1)|Dextral
27943|LINESTRING(175.315035652834 -41.1151382715414,175.316331114933 -41.1142071008955,175.317209251117 -41.1136040372361)|100000|109029|77407|(,,1)|t|f||Wairarapa Fault|0.00|576|||305|(,,12.1)|231|(95,95,95)|||(1040,1420,1230)|(,,11.6)|205||(,,8.1021)|(0.0,0.0,0.0)|(,,1.1351)|2012-04-30|2012-04-30|77407|0.00|576|||(,,80)|310|(,,12.1)|231|t|f|f|(95,95,95)|||Wairarapa Fault|(1040,1420,1230)|(,,11.5)|205||(0.0,0.0,0.0)|2012-04-27|2012-04-27|(,,11.6)|(,,1.1)|Dextral
27944|LINESTRING(175.644319305396 -40.8336365059492,175.643599978078 -40.8341169074371,175.642967024842 -40.8345322683074,175.642634696187 -40.8347515707147,175.641500297446 -40.8355342306702,175.640753324936 -40.8361413707539)|100000|109029|77407|(,,1)|t|f||Wairarapa Fault|0.00|576|||305|(,,12.1)|231|(95,95,95)|||(1040,1420,1230)|(,,11.6)|205||(,,8.1021)|(0.0,0.0,0.0)|(,,1.1351)|2012-04-30|2012-04-30|77407|0.00|576|||(,,80)|310|(,,12.1)|231|t|f|f|(95,95,95)|||Wairarapa Fault|(1040,1420,1230)|(,,11.5)|205||(0.0,0.0,0.0)|2012-04-27|2012-04-27|(,,11.6)|(,,1.1)|Dextral
27945|LINESTRING(175.260583255336 -41.1551488613894,175.261465814186 -41.1546452327403,175.262899742223 -41.1537119815948,175.264359246096 -41.1526566121185,175.266116266037 -41.1513296840433)|100000|109029|77407|(,,1)|t|f||Wairarapa Fault|0.00|576|||305|(,,12.1)|231|(95,95,95)|||(1040,1420,1230)|(,,11.6)|205||(,,8.1021)|(0.0,0.0,0.0)|(,,1.1351)|2012-04-30|2012-04-30|77407|0.00|576|||(,,80)|310|(,,12.1)|231|t|f|f|(95,95,95)|||Wairarapa Fault|(1040,1420,1230)|(,,11.5)|205||(0.0,0.0,0.0)|2012-04-27|2012-04-27|(,,11.6)|(,,1.1)|Dextral
27946|LINESTRING(175.363054860979 -41.0762773578981,175.364348381648 -41.0758320869834,175.365747577801 -41.0752630370133)|100000|109029|77407|(,,1)|t|f||Wairarapa Fault|0.00|576|||305|(,,12.1)|231|(95,95,95)|||(1040,1420,1230)|(,,11.6)|205||(,,8.1021)|(0.0,0.0,0.0)|(,,1.1351)|2012-04-30|2012-04-30|77407|0.00|576|||(,,80)|310|(,,12.1)|231|t|f|f|(95,95,95)|||Wairarapa Fault|(1040,1420,1230)|(,,11.5)|205||(0.0,0.0,0.0)|2012-04-27|2012-04-27|(,,11.6)|(,,1.1)|Dextral
27947|LINESTRING(175.240049175059 -41.1717745712706,175.241125214152 -41.1702855621821,175.241730562341 -41.1695937943711,175.242664328207 -41.1686569703037)|100000|109029|77407|(,,1)|t|f||Wairarapa Fault|0.00|576|||305|(,,12.1)|231|(95,95,95)|||(1040,1420,1230)|(,,11.6)|205||(,,8.1021)|(0.0,0.0,0.0)|(,,1.1351)|2012-04-30|2012-04-30|77407|0.00|576|||(,,80)|310|(,,12.1)|231|t|f|f|(95,95,95)|||Wairarapa Fault|(1040,1420,1230)|(,,11.5)|205||(0.0,0.0,0.0)|2012-04-27|2012-04-27|(,,11.6)|(,,1.1)|Dextral
27948|LINESTRING(175.544613732538 -40.9333919056569,175.544222972209 -40.9336572401872,175.543500664104 -40.9337947322235)|100000|109029|77407|(,,1)|t|f||Wairarapa Fault|0.00|576|||305|(,,12.1)|231|(95,95,95)|||(1040,1420,1230)|(,,11.6)|205||(,,8.1021)|(0.0,0.0,0.0)|(,,1.1351)|2012-04-30|2012-04-30|77407|0.00|576|||(,,80)|310|(,,12.1)|231|t|f|f|(95,95,95)|||Wairarapa Fault|(1040,1420,1230)|(,,11.5)|205||(0.0,0.0,0.0)|2012-04-27|2012-04-27|(,,11.6)|(,,1.1)|Dextral
27949|LINESTRING(175.170935397 -41.2275119410941,175.173179700009 -41.2261953599357,175.174977218591 -41.2251708468191,175.176229995318 -41.2240889864338,175.178471404768 -41.2226912910256,175.180348235171 -41.2210932500494,175.182627140262 -41.2199334550436,175.184139570776 -41.2189546995375,175.18571663833 -41.2175873980342,175.188565721581 -41.2154619693114,175.190617501938 -41.2142972973896,175.193537257498 -41.2126928210816,175.196017024007 -41.2110425683671,175.197807460961 -41.2096485342993,175.200074075431 -41.2078716320791,175.201741428214 -41.2064573532614,175.203247121295 -41.2052938214923)|100000|109029|77407|(,,1)|t|f||Wairarapa Fault|0.00|576|||305|(,,12.1)|231|(95,95,95)|||(1040,1420,1230)|(,,11.6)|205||(,,8.1021)|(0.0,0.0,0.0)|(,,1.1351)|2012-04-30|2012-04-30|77407|0.00|576|||(,,80)|310|(,,12.1)|231|t|f|f|(95,95,95)|||Wairarapa Fault|(1040,1420,1230)|(,,11.5)|205||(0.0,0.0,0.0)|2012-04-27|2012-04-27|(,,11.6)|(,,1.1)|Dextral
27950|LINESTRING(175.453335547386 -41.0153477458652,175.453626653897 -41.0151794299614,175.454167436619 -41.0148481783325,175.454638243502 -41.0145544404055)|50000|109029|77407|(,,1)|t|f||Wairarapa Fault|0.00|576|||305|(,,12.1)|231|(95,95,95)|||(1040,1420,1230)|(,,11.6)|205||(,,8.1021)|(0.0,0.0,0.0)|(,,1.1351)|2012-04-30|2012-04-30|77407|0.00|576|||(,,80)|310|(,,12.1)|231|t|f|f|(95,95,95)|||Wairarapa Fault|(1040,1420,1230)|(,,11.5)|205||(0.0,0.0,0.0)|2012-04-27|2012-04-27|(,,11.6)|(,,1.1)|Dextral
27951|LINESTRING(175.542427850011 -40.9336966896212,175.543190286758 -40.9332880660771,175.544267099228 -40.9327914496427,175.545119945754 -40.9323402870802)|100000|109029|77407|(,,1)|t|f||Wairarapa Fault|0.00|576|||305|(,,12.1)|231|(95,95,95)|||(1040,1420,1230)|(,,11.6)|205||(,,8.1021)|(0.0,0.0,0.0)|(,,1.1351)|2012-04-30|2012-04-30|77407|0.00|576|||(,,80)|310|(,,12.1)|231|t|f|f|(95,95,95)|||Wairarapa Fault|(1040,1420,1230)|(,,11.5)|205||(0.0,0.0,0.0)|2012-04-27|2012-04-27|(,,11.6)|(,,1.1)|Dextral
27952|LINESTRING(175.211243139514 -41.1951164527879,175.212483556281 -41.1943226502779,175.21390778083 -41.1935883717926,175.215414223897 -41.1925507609055,175.216812090347 -41.1912990341465,175.217480478843 -41.1906962669391)|100000|109029|77407|(,,1)|t|f||Wairarapa Fault|0.00|576|||305|(,,12.1)|231|(95,95,95)|||(1040,1420,1230)|(,,11.6)|205||(,,8.1021)|(0.0,0.0,0.0)|(,,1.1351)|2012-04-30|2012-04-30|77407|0.00|576|||(,,80)|310|(,,12.1)|231|t|f|f|(95,95,95)|||Wairarapa Fault|(1040,1420,1230)|(,,11.5)|205||(0.0,0.0,0.0)|2012-04-27|2012-04-27|(,,11.6)|(,,1.1)|Dextral
27953|LINESTRING(175.679969667776 -40.8014691052182,175.680394336827 -40.8009727725565,175.680769203169 -40.8004911060131)|100000|109029|77407|(,,1)|t|f||Wairarapa Fault|0.00|576|||305|(,,12.1)|231|(95,95,95)|||(1040,1420,1230)|(,,11.6)|205||(,,8.1021)|(0.0,0.0,0.0)|(,,1.1351)|2012-04-30|2012-04-30|77407|0.00|576|||(,,80)|310|(,,12.1)|231|t|f|f|(95,95,95)|||Wairarapa Fault|(1040,1420,1230)|(,,11.5)|205||(0.0,0.0,0.0)|2012-04-27|2012-04-27|(,,11.6)|(,,1.1)|Dextral
27954|LINESTRING(175.595541802271 -40.8830645903007,175.595883873181 -40.8824758517966)|100000|109029|77407|(,,1)|t|f||Wairarapa Fault|0.00|576|||305|(,,12.1)|231|(95,95,95)|||(1040,1420,1230)|(,,11.6)|205||(,,8.1021)|(0.0,0.0,0.0)|(,,1.1351)|2012-04-30|2012-04-30|77407|0.00|576|||(,,80)|310|(,,12.1)|231|t|f|f|(95,95,95)|||Wairarapa Fault|(1040,1420,1230)|(,,11.5)|205||(0.0,0.0,0.0)|2012-04-27|2012-04-27|(,,11.6)|(,,1.1)|Dextral
27955|LINESTRING(175.49351361522 -40.9835144703806,175.493769929151 -40.9834548982652,175.494087925049 -40.9833759798024,175.494488388251 -40.9832772665182,175.494921443632 -40.9830967744052,175.495268722151 -40.9829271382428,175.495632801767 -40.9827301137839,175.495844667871 -40.9825949246536)|50000|109029|77407|(,,1)|t|f||Wairarapa Fault|0.00|576|||305|(,,12.1)|231|(95,95,95)|||(1040,1420,1230)|(,,11.6)|205||(,,8.1021)|(0.0,0.0,0.0)|(,,1.1351)|2012-04-30|2012-04-30|77407|0.00|576|||(,,80)|310|(,,12.1)|231|t|f|f|(95,95,95)|||Wairarapa Fault|(1040,1420,1230)|(,,11.5)|205||(0.0,0.0,0.0)|2012-04-27|2012-04-27|(,,11.6)|(,,1.1)|Dextral
27956|LINESTRING(175.544532723311 -40.931893763409,175.545276421786 -40.9315395889879,175.546098198709 -40.9310530679577)|100000|109029|77407|(,,1)|t|f||Wairarapa Fault|0.00|576|||305|(,,12.1)|231|(95,95,95)|||(1040,1420,1230)|(,,11.6)|205||(,,8.1021)|(0.0,0.0,0.0)|(,,1.1351)|2012-04-30|2012-04-30|77407|0.00|576|||(,,80)|310|(,,12.1)|231|t|f|f|(95,95,95)|||Wairarapa Fault|(1040,1420,1230)|(,,11.5)|205||(0.0,0.0,0.0)|2012-04-27|2012-04-27|(,,11.6)|(,,1.1)|Dextral
27957|LINESTRING(175.266116266037 -41.1513296840433,175.266592197831 -41.1509600743389)|100000|109029|77407|(,,1)|t|f||Wairarapa Fault|0.00|576|||305|(,,12.1)|231|(95,95,95)|||(1040,1420,1230)|(,,11.6)|205||(,,8.1021)|(0.0,0.0,0.0)|(,,1.1351)|2012-04-30|2012-04-30|77407|0.00|576|||(,,80)|310|(,,12.1)|231|t|f|f|(95,95,95)|||Wairarapa Fault|(1040,1420,1230)|(,,11.5)|205||(0.0,0.0,0.0)|2012-04-27|2012-04-27|(,,11.6)|(,,1.1)|Dextral
27958|LINESTRING(175.443003631283 -41.021493577313,175.443886184105 -41.0209930164579,175.444724166323 -41.020574462671,175.445704895525 -41.0199952455345,175.446749160416 -41.0194462052108,175.447528831474 -41.0189793187426,175.448359980277 -41.0184572895877,175.449328596851 -41.0178737930848)|50000|109029|77407|(,,1)|t|f||Wairarapa Fault|0.00|576|||305|(,,12.1)|231|(95,95,95)|||(1040,1420,1230)|(,,11.6)|205||(,,8.1021)|(0.0,0.0,0.0)|(,,1.1351)|2012-04-30|2012-04-30|77407|0.00|576|||(,,80)|310|(,,12.1)|231|t|f|f|(95,95,95)|||Wairarapa Fault|(1040,1420,1230)|(,,11.5)|205||(0.0,0.0,0.0)|2012-04-27|2012-04-27|(,,11.6)|(,,1.1)|Dextral
27959|LINESTRING(175.267798585723 -41.1500852577724,175.268794802321 -41.1492505751638,175.271033503996 -41.1478150512977,175.27237628299 -41.1462304269859,175.274028588367 -41.1449864954004,175.275815491004 -41.1442803415807,175.27712079053 -41.1430837161472,175.278571817965 -41.1417085627488,175.279649240389 -41.1404713528255,175.281174233516 -41.1396036310456,175.282526476611 -41.1384780766823,175.284035289455 -41.137489034069,175.285492395358 -41.1363838942936,175.286603073477 -41.1353396207308,175.287310612862 -41.1344384110158,175.288385115305 -41.1337281111472,175.288411946492 -41.1335564385143)|100000|109029|77407|(,,1)|t|f||Wairarapa Fault|0.00|576|||305|(,,12.1)|231|(95,95,95)|||(1040,1420,1230)|(,,11.6)|205||(,,8.1021)|(0.0,0.0,0.0)|(,,1.1351)|2012-04-30|2012-04-30|77407|0.00|576|||(,,80)|310|(,,12.1)|231|t|f|f|(95,95,95)|||Wairarapa Fault|(1040,1420,1230)|(,,11.5)|205||(0.0,0.0,0.0)|2012-04-27|2012-04-27|(,,11.6)|(,,1.1)|Dextral
27960|LINESTRING(175.60313812679 -40.8741644400957,175.60265292424 -40.874504175823,175.601507194467 -40.8756335182161,175.600368270699 -40.8769383669527,175.599386900592 -40.8780234535077,175.598272840704 -40.8793592520037,175.59718535804 -40.8803881440126,175.596341185262 -40.881722368642)|100000|109029|77407|(,,1)|t|f||Wairarapa Fault|0.00|576|||305|(,,12.1)|231|(95,95,95)|||(1040,1420,1230)|(,,11.6)|205||(,,8.1021)|(0.0,0.0,0.0)|(,,1.1351)|2012-04-30|2012-04-30|77407|0.00|576|||(,,80)|310|(,,12.1)|231|t|f|f|(95,95,95)|||Wairarapa Fault|(1040,1420,1230)|(,,11.5)|205||(0.0,0.0,0.0)|2012-04-27|2012-04-27|(,,11.6)|(,,1.1)|Dextral
27961|LINESTRING(175.274739151685 -41.1428647983832,175.275978612159 -41.1420928287016,175.277254563896 -41.1409102883823)|100000|109029|77407|(,,1)|t|f||Wairarapa Fault|0.00|576|||305|(,,12.1)|231|(95,95,95)|||(1040,1420,1230)|(,,11.6)|205||(,,8.1021)|(0.0,0.0,0.0)|(,,1.1351)|2012-04-30|2012-04-30|77407|0.00|576|||(,,80)|310|(,,12.1)|231|t|f|f|(95,95,95)|||Wairarapa Fault|(1040,1420,1230)|(,,11.5)|205||(0.0,0.0,0.0)|2012-04-27|2012-04-27|(,,11.6)|(,,1.1)|Dextral
27962|LINESTRING(175.325457171866 -41.0989273925862,175.326476154838 -41.0985286003265,175.32784857158 -41.0983613965662)|100000|109029|77407|(,,1)|t|f||Wairarapa Fault|0.00|576|||305|(,,12.1)|231|(95,95,95)|||(1040,1420,1230)|(,,11.6)|205||(,,8.1021)|(0.0,0.0,0.0)|(,,1.1351)|2012-04-30|2012-04-30|77407|0.00|576|||(,,80)|310|(,,12.1)|231|t|f|f|(95,95,95)|||Wairarapa Fault|(1040,1420,1230)|(,,11.5)|205||(0.0,0.0,0.0)|2012-04-27|2012-04-27|(,,11.6)|(,,1.1)|Dextral
27963|LINESTRING(175.60313812679 -40.8741644400957,175.604388682126 -40.8732894722148,175.605842790639 -40.8721576597403,175.606988160258 -40.8708706259069,175.6082225336 -40.8694329280101,175.608755435747 -40.8681146347419,175.609631389782 -40.8666174337877,175.610752651203 -40.8656281942271,175.611150695367 -40.8647318414327,175.612724539725 -40.8637864204616,175.613727917541 -40.8633493522051)|100000|109029|77407|(,,1)|t|f||Wairarapa Fault|0.00|576|||305|(,,12.1)|231|(95,95,95)|||(1040,1420,1230)|(,,11.6)|205||(,,8.1021)|(0.0,0.0,0.0)|(,,1.1351)|2012-04-30|2012-04-30|77407|0.00|576|||(,,80)|310|(,,12.1)|231|t|f|f|(95,95,95)|||Wairarapa Fault|(1040,1420,1230)|(,,11.5)|205||(0.0,0.0,0.0)|2012-04-27|2012-04-27|(,,11.6)|(,,1.1)|Dextral
27964|LINESTRING(175.682725750724 -40.7981394065383,175.682808908782 -40.7980699095767,175.683202705099 -40.7976914019897)|100000|109029|77407|(,,1)|t|f||Wairarapa Fault|0.00|576|||305|(,,12.1)|231|(95,95,95)|||(1040,1420,1230)|(,,11.6)|205||(,,8.1021)|(0.0,0.0,0.0)|(,,1.1351)|2012-04-30|2012-04-30|77407|0.00|576|||(,,80)|310|(,,12.1)|231|t|f|f|(95,95,95)|||Wairarapa Fault|(1040,1420,1230)|(,,11.5)|205||(0.0,0.0,0.0)|2012-04-27|2012-04-27|(,,11.6)|(,,1.1)|Dextral
(100 rows)
