[
    {
        "fields": {
            "center_x": 0.0, 
            "center_y": 0.0, 
            "last_modified": "2014-11-20T14:11:56.646", 
            "popular_count": 4, 
            "projection": "EPSG:900913", 
            "regions": [], 
            "share_count": 0, 
            "zoom": 3
        }, 
        "model": "maps.map", 
        "pk": 23
    }, 
    {
        "fields": {
            "center_x": 0.0, 
            "center_y": 0.0, 
            "last_modified": "2014-11-20T14:12:25.761", 
            "popular_count": 4, 
            "projection": "EPSG:900913", 
            "regions": [], 
            "share_count": 0, 
            "zoom": 3
        }, 
        "model": "maps.map", 
        "pk": 24
    }, 
    {
        "fields": {
            "center_x": 0.0, 
            "center_y": 0.0, 
            "last_modified": "2014-11-20T14:13:10.249", 
            "popular_count": 5, 
            "projection": "EPSG:900913", 
            "regions": [], 
            "share_count": 0, 
            "zoom": 3
        }, 
        "model": "maps.map", 
        "pk": 25
    }, 
    {
        "fields": {
            "fixed": true, 
            "format": null, 
            "group": "background", 
            "layer_params": "{\"selected\": false, \"title\": \"No background\", \"args\": [\"No background\"], \"type\": \"OpenLayers.Layer\"}", 
            "local": false, 
            "map": 24, 
            "name": "No background", 
            "opacity": 1.0, 
            "ows_url": null, 
            "source_params": "{\"id\": \"1\", \"ptype\": \"gxp_olsource\"}", 
            "stack_order": 0, 
            "styles": null, 
            "transparent": false, 
            "visibility": false
        }, 
        "model": "maps.maplayer", 
        "pk": 8
    }, 
    {
        "fields": {
            "fixed": true, 
            "format": null, 
            "group": "background", 
            "layer_params": "{\"title\": \"OpenStreetMap\", \"selected\": false}", 
            "local": false, 
            "map": 24, 
            "name": "mapnik", 
            "opacity": 1.0, 
            "ows_url": null, 
            "source_params": "{\"id\": \"2\", \"ptype\": \"gxp_osmsource\"}", 
            "stack_order": 1, 
            "styles": null, 
            "transparent": false, 
            "visibility": false
        }, 
        "model": "maps.maplayer", 
        "pk": 9
    }, 
    {
        "fields": {
            "fixed": true, 
            "format": null, 
            "group": "background", 
            "layer_params": "{\"title\": \"MapQuest OpenStreetMap\", \"selected\": false}", 
            "local": false, 
            "map": 24, 
            "name": "osm", 
            "opacity": 1.0, 
            "ows_url": null, 
            "source_params": "{\"id\": \"3\", \"ptype\": \"gxp_mapquestsource\"}", 
            "stack_order": 2, 
            "styles": null, 
            "transparent": false, 
            "visibility": true
        }, 
        "model": "maps.maplayer", 
        "pk": 10
    }, 
    {
        "fields": {
            "fixed": true, 
            "format": null, 
            "group": "background", 
            "layer_params": "{\"title\": \"MapQuest Imagery\", \"selected\": false}", 
            "local": false, 
            "map": 24, 
            "name": "naip", 
            "opacity": 1.0, 
            "ows_url": null, 
            "source_params": "{\"id\": \"3\", \"ptype\": \"gxp_mapquestsource\"}", 
            "stack_order": 3, 
            "styles": null, 
            "transparent": false, 
            "visibility": false
        }, 
        "model": "maps.maplayer", 
        "pk": 11
    }, 
    {
        "fields": {
            "fixed": true, 
            "format": null, 
            "group": "background", 
            "layer_params": "{\"title\": \"Bing Aerial With Labels\", \"selected\": false}", 
            "local": false, 
            "map": 24, 
            "name": "AerialWithLabels", 
            "opacity": 1.0, 
            "ows_url": null, 
            "source_params": "{\"id\": \"4\", \"ptype\": \"gxp_bingsource\"}", 
            "stack_order": 4, 
            "styles": null, 
            "transparent": false, 
            "visibility": false
        }, 
        "model": "maps.maplayer", 
        "pk": 12
    }, 
    {
        "fields": {
            "fixed": true, 
            "format": null, 
            "group": "background", 
            "layer_params": "{\"selected\": false, \"title\": \"bluemarble\", \"args\": [\"bluemarble\", \"http://maps.opengeo.org/geowebcache/service/wms\", {\"layers\": [\"bluemarble\"], \"tiled\": true, \"tilesOrigin\": [-20037508.34, -20037508.34], \"format\": \"image/png\"}, {\"buffer\": 0}], \"type\": \"OpenLayers.Layer.WMS\"}", 
            "local": false, 
            "map": 24, 
            "name": "bluemarble", 
            "opacity": 1.0, 
            "ows_url": null, 
            "source_params": "{\"id\": \"1\", \"ptype\": \"gxp_olsource\"}", 
            "stack_order": 5, 
            "styles": null, 
            "transparent": false, 
            "visibility": false
        }, 
        "model": "maps.maplayer", 
        "pk": 13
    }, 
    {
        "fields": {
            "fixed": false, 
            "format": "image/png", 
            "group": null, 
            "layer_params": "{\"selected\": true, \"title\": \"ghec_viewer_measure\", \"cached\": true, \"capability\": {\"abstract\": \"No abstract provided\", \"nestedLayers\": [], \"cascaded\": 0, \"fixedHeight\": 0, \"prefix\": \"oqplatform\", \"keywords\": [], \"noSubsets\": false, \"dimensions\": {}, \"opaque\": false, \"tileSets\": [{\"layers\": \"oqplatform:ghec_viewer_measure\", \"styles\": \"\", \"format\": \"image/jpeg\", \"height\": 256, \"srs\": {\"EPSG:900913\": true}, \"bbox\": {\"EPSG:900913\": {\"srs\": \"EPSG:900913\", \"bbox\": [-20037508.34, -20037508.34, 20037508.34, 20037508.34]}}, \"resolutions\": [156543.03390625, 78271.516953125, 39135.7584765625, 19567.87923828125, 9783.939619140625, 4891.9698095703125, 2445.9849047851562, 1222.9924523925781, 611.4962261962891, 305.74811309814453, 152.87405654907226, 76.43702827453613, 38.218514137268066, 19.109257068634033, 9.554628534317017, 4.777314267158508, 2.388657133579254, 1.194328566789627, 0.5971642833948135, 0.29858214169740677, 0.14929107084870338, 0.07464553542435169, 0.037322767712175846, 0.018661383856087923, 0.009330691928043961, 0.004665345964021981, 0.0023326729820109904, 0.0011663364910054952, 0.0005831682455027476, 0.0002915841227513738, 0.0001457920613756869], \"width\": 256}], \"infoFormats\": [\"text/plain\", \"application/vnd.ogc.gml\", \"application/vnd.ogc.gml/3.1.1\", \"text/html\", \"application/json\"], \"styles\": [{\"abstract\": \"\", \"legend\": {\"href\": \"/geoserver/wms?request=GetLegendGraphic&format=image%2Fpng&width=20&height=20&layer=ghec_viewer_measure\", \"width\": \"20\", \"format\": \"image/png\", \"height\": \"20\"}, \"name\": \"ghec_viewer_measure\", \"title\": \"GeoServer SLD Cook Book: Attribute-based point\"}], \"attribution\": {\"title\": \"admin\"}, \"authorityURLs\": {}, \"bbox\": {\"EPSG:4326\": {\"srs\": \"EPSG:4326\", \"bbox\": [-180, -90, 180, 90]}}, \"fixedWidth\": 0, \"metadataURLs\": [{\"href\": \"/catalogue/csw?outputschema=http%3A%2F%2Fwww.isotc211.org%2F2005%2Fgmd&service=CSW&request=GetRecordById&version=2.0.2&elementsetname=full&id=015e2f06-063d-4b3f-af88-8e7d50d4a237\", \"type\": \"TC211\", \"format\": \"text/xml\"}, {\"href\": \"/catalogue/csw?outputschema=http%3A%2F%2Fwww.opengis.net%2Fcat%2Fcsw%2Fcsdgm&service=CSW&request=GetRecordById&version=2.0.2&elementsetname=full&id=015e2f06-063d-4b3f-af88-8e7d50d4a237\", \"type\": \"FGDC\", \"format\": \"text/xml\"}], \"name\": \"oqplatform:ghec_viewer_measure\", \"identifiers\": {}, \"srs\": {\"EPSG:900913\": true}, \"formats\": [\"image/png\", \"application/atom xml\", \"application/atom+xml\", \"application/openlayers\", \"application/pdf\", \"application/rss xml\", \"application/rss+xml\", \"application/vnd.google-earth.kml\", \"application/vnd.google-earth.kml xml\", \"application/vnd.google-earth.kml+xml\", \"application/vnd.google-earth.kml+xml;mode=networklink\", \"application/vnd.google-earth.kmz\", \"application/vnd.google-earth.kmz xml\", \"application/vnd.google-earth.kmz+xml\", \"application/vnd.google-earth.kmz;mode=networklink\", \"atom\", \"image/geotiff\", \"image/geotiff8\", \"image/gif\", \"image/gif;subtype=animated\", \"image/jpeg\", \"image/png8\", \"image/png; mode=8bit\", \"image/svg\", \"image/svg xml\", \"image/svg+xml\", \"image/tiff\", \"image/tiff8\", \"kml\", \"kmz\", \"openlayers\", \"rss\"], \"title\": \"ghec_viewer_measure\", \"queryable\": true, \"llbbox\": [-180, -90, 180, 90]}, \"tiled\": true}", 
            "local": true, 
            "map": 24, 
            "name": "oqplatform:ghec_viewer_measure", 
            "opacity": 1.0, 
            "ows_url": "/geoserver/wms", 
            "source_params": "{\"restUrl\": \"/gs/rest\", \"title\": \"My GeoServer WMS\", \"baseParams\": {\"VERSION\": \"1.1.1\", \"REQUEST\": \"GetCapabilities\", \"TILED\": true, \"SERVICE\": \"WMS\"}, \"ptype\": \"gxp_wmscsource\", \"id\": \"0\"}", 
            "stack_order": 6, 
            "styles": "", 
            "transparent": true, 
            "visibility": true
        }, 
        "model": "maps.maplayer", 
        "pk": 14
    }, 
    {
        "fields": {
            "fixed": true, 
            "format": null, 
            "group": "background", 
            "layer_params": "{\"selected\": false, \"title\": \"No background\", \"args\": [\"No background\"], \"type\": \"OpenLayers.Layer\"}", 
            "local": false, 
            "map": 23, 
            "name": "No background", 
            "opacity": 1.0, 
            "ows_url": null, 
            "source_params": "{\"ptype\": \"gxp_olsource\", \"id\": \"0\"}", 
            "stack_order": 0, 
            "styles": null, 
            "transparent": false, 
            "visibility": false
        }, 
        "model": "maps.maplayer", 
        "pk": 23
    }, 
    {
        "fields": {
            "fixed": true, 
            "format": null, 
            "group": "background", 
            "layer_params": "{\"title\": \"OpenStreetMap\", \"selected\": false}", 
            "local": false, 
            "map": 23, 
            "name": "mapnik", 
            "opacity": 1.0, 
            "ows_url": null, 
            "source_params": "{\"ptype\": \"gxp_osmsource\", \"id\": \"1\"}", 
            "stack_order": 1, 
            "styles": null, 
            "transparent": false, 
            "visibility": false
        }, 
        "model": "maps.maplayer", 
        "pk": 24
    }, 
    {
        "fields": {
            "fixed": true, 
            "format": null, 
            "group": "background", 
            "layer_params": "{\"title\": \"MapQuest OpenStreetMap\", \"selected\": false}", 
            "local": false, 
            "map": 23, 
            "name": "osm", 
            "opacity": 1.0, 
            "ows_url": null, 
            "source_params": "{\"ptype\": \"gxp_mapquestsource\", \"id\": \"2\"}", 
            "stack_order": 2, 
            "styles": null, 
            "transparent": false, 
            "visibility": true
        }, 
        "model": "maps.maplayer", 
        "pk": 25
    }, 
    {
        "fields": {
            "fixed": true, 
            "format": null, 
            "group": "background", 
            "layer_params": "{\"title\": \"MapQuest Imagery\", \"selected\": false}", 
            "local": false, 
            "map": 23, 
            "name": "naip", 
            "opacity": 1.0, 
            "ows_url": null, 
            "source_params": "{\"ptype\": \"gxp_mapquestsource\", \"id\": \"2\"}", 
            "stack_order": 3, 
            "styles": null, 
            "transparent": false, 
            "visibility": false
        }, 
        "model": "maps.maplayer", 
        "pk": 26
    }, 
    {
        "fields": {
            "fixed": true, 
            "format": null, 
            "group": "background", 
            "layer_params": "{\"title\": \"Bing Aerial With Labels\", \"selected\": false}", 
            "local": false, 
            "map": 23, 
            "name": "AerialWithLabels", 
            "opacity": 1.0, 
            "ows_url": null, 
            "source_params": "{\"ptype\": \"gxp_bingsource\", \"id\": \"3\"}", 
            "stack_order": 4, 
            "styles": null, 
            "transparent": false, 
            "visibility": false
        }, 
        "model": "maps.maplayer", 
        "pk": 27
    }, 
    {
        "fields": {
            "fixed": true, 
            "format": null, 
            "group": "background", 
            "layer_params": "{\"selected\": false, \"title\": \"bluemarble\", \"args\": [\"bluemarble\", \"http://maps.opengeo.org/geowebcache/service/wms\", {\"layers\": [\"bluemarble\"], \"tiled\": true, \"tilesOrigin\": [-20037508.34, -20037508.34], \"format\": \"image/png\"}, {\"buffer\": 0}], \"type\": \"OpenLayers.Layer.WMS\"}", 
            "local": false, 
            "map": 23, 
            "name": "bluemarble", 
            "opacity": 1.0, 
            "ows_url": null, 
            "source_params": "{\"ptype\": \"gxp_olsource\", \"id\": \"0\"}", 
            "stack_order": 5, 
            "styles": null, 
            "transparent": false, 
            "visibility": false
        }, 
        "model": "maps.maplayer", 
        "pk": 28
    }, 
    {
        "fields": {
            "fixed": false, 
            "format": "image/png", 
            "group": null, 
            "layer_params": "{\"selected\": true, \"title\": \"isc_viewer_measure\", \"cached\": true, \"capability\": {\"abstract\": \"No abstract provided\", \"nestedLayers\": [], \"cascaded\": 0, \"fixedHeight\": 0, \"prefix\": \"oqplatform\", \"keywords\": [], \"noSubsets\": false, \"dimensions\": {}, \"opaque\": false, \"tileSets\": [{\"layers\": \"oqplatform:isc_viewer_measure\", \"styles\": \"\", \"format\": \"image/jpeg\", \"height\": 256, \"srs\": {\"EPSG:900913\": true}, \"bbox\": {\"EPSG:900913\": {\"srs\": \"EPSG:900913\", \"bbox\": [-20037508.34, -20037508.34, 20037508.34, 20037508.34]}}, \"resolutions\": [156543.03390625, 78271.516953125, 39135.7584765625, 19567.87923828125, 9783.939619140625, 4891.9698095703125, 2445.9849047851562, 1222.9924523925781, 611.4962261962891, 305.74811309814453, 152.87405654907226, 76.43702827453613, 38.218514137268066, 19.109257068634033, 9.554628534317017, 4.777314267158508, 2.388657133579254, 1.194328566789627, 0.5971642833948135, 0.29858214169740677, 0.14929107084870338, 0.07464553542435169, 0.037322767712175846, 0.018661383856087923, 0.009330691928043961, 0.004665345964021981, 0.0023326729820109904, 0.0011663364910054952, 0.0005831682455027476, 0.0002915841227513738, 0.0001457920613756869], \"width\": 256}], \"infoFormats\": [\"text/plain\", \"application/vnd.ogc.gml\", \"application/vnd.ogc.gml/3.1.1\", \"text/html\", \"application/json\"], \"styles\": [{\"abstract\": \"\", \"legend\": {\"width\": \"20\", \"format\": \"image/png\", \"href\": \"/geoserver/wms?request=GetLegendGraphic&format=image%2Fpng&width=20&height=20&layer=isc_viewer_measure\", \"height\": \"20\"}, \"name\": \"isc_viewer_measure\", \"title\": \"GeoServer SLD Cook Book: Attribute-based point\"}], \"attribution\": {\"title\": \"admin\"}, \"authorityURLs\": {}, \"bbox\": {\"EPSG:4326\": {\"srs\": \"EPSG:4326\", \"bbox\": [-180, -90, 180, 90]}}, \"fixedWidth\": 0, \"metadataURLs\": [{\"href\": \"/catalogue/csw?outputschema=http%3A%2F%2Fwww.isotc211.org%2F2005%2Fgmd&service=CSW&request=GetRecordById&version=2.0.2&elementsetname=full&id=1cc27828-e1b7-408d-8fac-3b64d9a61baf\", \"type\": \"TC211\", \"format\": \"text/xml\"}, {\"href\": \"/catalogue/csw?outputschema=http%3A%2F%2Fwww.opengis.net%2Fcat%2Fcsw%2Fcsdgm&service=CSW&request=GetRecordById&version=2.0.2&elementsetname=full&id=1cc27828-e1b7-408d-8fac-3b64d9a61baf\", \"type\": \"FGDC\", \"format\": \"text/xml\"}], \"name\": \"oqplatform:isc_viewer_measure\", \"identifiers\": {}, \"srs\": {\"EPSG:900913\": true}, \"formats\": [\"image/png\", \"application/atom xml\", \"application/atom+xml\", \"application/openlayers\", \"application/pdf\", \"application/rss xml\", \"application/rss+xml\", \"application/vnd.google-earth.kml\", \"application/vnd.google-earth.kml xml\", \"application/vnd.google-earth.kml+xml\", \"application/vnd.google-earth.kml+xml;mode=networklink\", \"application/vnd.google-earth.kmz\", \"application/vnd.google-earth.kmz xml\", \"application/vnd.google-earth.kmz+xml\", \"application/vnd.google-earth.kmz;mode=networklink\", \"atom\", \"image/geotiff\", \"image/geotiff8\", \"image/gif\", \"image/gif;subtype=animated\", \"image/jpeg\", \"image/png8\", \"image/png; mode=8bit\", \"image/svg\", \"image/svg xml\", \"image/svg+xml\", \"image/tiff\", \"image/tiff8\", \"kml\", \"kmz\", \"openlayers\", \"rss\"], \"title\": \"isc_viewer_measure\", \"queryable\": true, \"llbbox\": [-180, -90, 180, 90]}, \"tiled\": true}", 
            "local": true, 
            "map": 23, 
            "name": "oqplatform:isc_viewer_measure", 
            "opacity": 1.0, 
            "ows_url": "/geoserver/wms", 
            "source_params": "{\"restUrl\": \"/gs/rest\", \"title\": \"My GeoServer WMS\", \"baseParams\": {\"VERSION\": \"1.1.1\", \"REQUEST\": \"GetCapabilities\", \"TILED\": true, \"SERVICE\": \"WMS\"}, \"ptype\": \"gxp_wmscsource\", \"id\": \"4\"}", 
            "stack_order": 6, 
            "styles": "", 
            "transparent": true, 
            "visibility": true
        }, 
        "model": "maps.maplayer", 
        "pk": 29
    }, 
    {
        "fields": {
            "fixed": true, 
            "format": null, 
            "group": "background", 
            "layer_params": "{\"selected\": false, \"title\": \"No background\", \"args\": [\"No background\"], \"type\": \"OpenLayers.Layer\"}", 
            "local": false, 
            "map": 25, 
            "name": "No background", 
            "opacity": 1.0, 
            "ows_url": null, 
            "source_params": "{\"ptype\": \"gxp_olsource\", \"id\": \"0\"}", 
            "stack_order": 0, 
            "styles": null, 
            "transparent": false, 
            "visibility": false
        }, 
        "model": "maps.maplayer", 
        "pk": 30
    }, 
    {
        "fields": {
            "fixed": true, 
            "format": null, 
            "group": "background", 
            "layer_params": "{\"title\": \"OpenStreetMap\", \"selected\": false}", 
            "local": false, 
            "map": 25, 
            "name": "mapnik", 
            "opacity": 1.0, 
            "ows_url": null, 
            "source_params": "{\"ptype\": \"gxp_osmsource\", \"id\": \"1\"}", 
            "stack_order": 1, 
            "styles": null, 
            "transparent": false, 
            "visibility": false
        }, 
        "model": "maps.maplayer", 
        "pk": 31
    }, 
    {
        "fields": {
            "fixed": true, 
            "format": null, 
            "group": "background", 
            "layer_params": "{\"title\": \"MapQuest OpenStreetMap\", \"selected\": false}", 
            "local": false, 
            "map": 25, 
            "name": "osm", 
            "opacity": 1.0, 
            "ows_url": null, 
            "source_params": "{\"ptype\": \"gxp_mapquestsource\", \"id\": \"2\"}", 
            "stack_order": 2, 
            "styles": null, 
            "transparent": false, 
            "visibility": true
        }, 
        "model": "maps.maplayer", 
        "pk": 32
    }, 
    {
        "fields": {
            "fixed": true, 
            "format": null, 
            "group": "background", 
            "layer_params": "{\"title\": \"MapQuest Imagery\", \"selected\": false}", 
            "local": false, 
            "map": 25, 
            "name": "naip", 
            "opacity": 1.0, 
            "ows_url": null, 
            "source_params": "{\"ptype\": \"gxp_mapquestsource\", \"id\": \"2\"}", 
            "stack_order": 3, 
            "styles": null, 
            "transparent": false, 
            "visibility": false
        }, 
        "model": "maps.maplayer", 
        "pk": 33
    }, 
    {
        "fields": {
            "fixed": true, 
            "format": null, 
            "group": "background", 
            "layer_params": "{\"title\": \"Bing Aerial With Labels\", \"selected\": false}", 
            "local": false, 
            "map": 25, 
            "name": "AerialWithLabels", 
            "opacity": 1.0, 
            "ows_url": null, 
            "source_params": "{\"ptype\": \"gxp_bingsource\", \"id\": \"3\"}", 
            "stack_order": 4, 
            "styles": null, 
            "transparent": false, 
            "visibility": false
        }, 
        "model": "maps.maplayer", 
        "pk": 34
    }, 
    {
        "fields": {
            "fixed": true, 
            "format": null, 
            "group": "background", 
            "layer_params": "{\"selected\": true, \"title\": \"bluemarble\", \"args\": [\"bluemarble\", \"http://maps.opengeo.org/geowebcache/service/wms\", {\"layers\": [\"bluemarble\"], \"tiled\": true, \"tilesOrigin\": [-20037508.34, -20037508.34], \"format\": \"image/png\"}, {\"buffer\": 0}], \"type\": \"OpenLayers.Layer.WMS\"}", 
            "local": false, 
            "map": 25, 
            "name": "bluemarble", 
            "opacity": 1.0, 
            "ows_url": null, 
            "source_params": "{\"ptype\": \"gxp_olsource\", \"id\": \"0\"}", 
            "stack_order": 5, 
            "styles": null, 
            "transparent": false, 
            "visibility": false
        }, 
        "model": "maps.maplayer", 
        "pk": 35
    }, 
    {
        "fields": {
            "fixed": false, 
            "format": "image/png", 
            "group": null, 
            "layer_params": "{\"selected\": false, \"title\": \"gaf_viewer_faultsource\", \"cached\": true, \"capability\": {\"abstract\": \"No abstract provided\", \"nestedLayers\": [], \"cascaded\": 0, \"fixedHeight\": 0, \"prefix\": \"oqplatform\", \"keywords\": [], \"noSubsets\": false, \"dimensions\": {}, \"opaque\": false, \"tileSets\": [{\"layers\": \"oqplatform:gaf_viewer_faultsource\", \"styles\": \"\", \"format\": \"image/png\", \"height\": 256, \"srs\": {\"EPSG:900913\": true}, \"bbox\": {\"EPSG:900913\": {\"srs\": \"EPSG:900913\", \"bbox\": [-20037508.34, -20037508.34, 20037508.34, 20037508.34]}}, \"resolutions\": [156543.03390625, 78271.516953125, 39135.7584765625, 19567.87923828125, 9783.939619140625, 4891.9698095703125, 2445.9849047851562, 1222.9924523925781, 611.4962261962891, 305.74811309814453, 152.87405654907226, 76.43702827453613, 38.218514137268066, 19.109257068634033, 9.554628534317017, 4.777314267158508, 2.388657133579254, 1.194328566789627, 0.5971642833948135, 0.29858214169740677, 0.14929107084870338, 0.07464553542435169, 0.037322767712175846, 0.018661383856087923, 0.009330691928043961, 0.004665345964021981, 0.0023326729820109904, 0.0011663364910054952, 0.0005831682455027476, 0.0002915841227513738, 0.0001457920613756869], \"width\": 256}], \"infoFormats\": [\"text/plain\", \"application/vnd.ogc.gml\", \"application/vnd.ogc.gml/3.1.1\", \"text/html\", \"application/json\"], \"styles\": [{\"abstract\": \"A sample style that draws a polygon\", \"legend\": {\"width\": \"20\", \"format\": \"image/png\", \"href\": \"/geoserver/wms?request=GetLegendGraphic&format=image%2Fpng&width=20&height=20&layer=gaf_viewer_faultsource\", \"height\": \"20\"}, \"name\": \"polygon\", \"title\": \"Default Polygon\"}], \"attribution\": {\"title\": \"admin\"}, \"authorityURLs\": {}, \"bbox\": {\"EPSG:4326\": {\"srs\": \"EPSG:4326\", \"bbox\": [-180, -90, 180, 90]}}, \"fixedWidth\": 0, \"metadataURLs\": [{\"href\": \"/catalogue/csw?outputschema=http%3A%2F%2Fwww.isotc211.org%2F2005%2Fgmd&service=CSW&request=GetRecordById&version=2.0.2&elementsetname=full&id=6a577b8d-88ea-49c8-af4f-e7f680cd21df\", \"type\": \"TC211\", \"format\": \"text/xml\"}, {\"href\": \"/catalogue/csw?outputschema=http%3A%2F%2Fwww.opengis.net%2Fcat%2Fcsw%2Fcsdgm&service=CSW&request=GetRecordById&version=2.0.2&elementsetname=full&id=6a577b8d-88ea-49c8-af4f-e7f680cd21df\", \"type\": \"FGDC\", \"format\": \"text/xml\"}], \"name\": \"oqplatform:gaf_viewer_faultsource\", \"identifiers\": {}, \"srs\": {\"EPSG:900913\": true}, \"formats\": [\"image/png\", \"application/atom xml\", \"application/atom+xml\", \"application/openlayers\", \"application/pdf\", \"application/rss xml\", \"application/rss+xml\", \"application/vnd.google-earth.kml\", \"application/vnd.google-earth.kml xml\", \"application/vnd.google-earth.kml+xml\", \"application/vnd.google-earth.kml+xml;mode=networklink\", \"application/vnd.google-earth.kmz\", \"application/vnd.google-earth.kmz xml\", \"application/vnd.google-earth.kmz+xml\", \"application/vnd.google-earth.kmz;mode=networklink\", \"atom\", \"image/geotiff\", \"image/geotiff8\", \"image/gif\", \"image/gif;subtype=animated\", \"image/jpeg\", \"image/png8\", \"image/png; mode=8bit\", \"image/svg\", \"image/svg xml\", \"image/svg+xml\", \"image/tiff\", \"image/tiff8\", \"kml\", \"kmz\", \"openlayers\", \"rss\"], \"title\": \"gaf_viewer_faultsource\", \"queryable\": true, \"llbbox\": [-180, -90, 180, 90]}, \"tiled\": true}", 
            "local": true, 
            "map": 25, 
            "name": "oqplatform:gaf_viewer_faultsource", 
            "opacity": 1.0, 
            "ows_url": "/geoserver/wms", 
            "source_params": "{\"restUrl\": \"/gs/rest\", \"title\": \"My GeoServer WMS\", \"baseParams\": {\"VERSION\": \"1.1.1\", \"REQUEST\": \"GetCapabilities\", \"TILED\": true, \"SERVICE\": \"WMS\"}, \"ptype\": \"gxp_wmscsource\", \"id\": \"4\"}", 
            "stack_order": 6, 
            "styles": "", 
            "transparent": true, 
            "visibility": true
        }, 
        "model": "maps.maplayer", 
        "pk": 36
    }, 
    {
        "fields": {
            "fixed": false, 
            "format": "image/png", 
            "group": null, 
            "layer_params": "{\"selected\": false, \"title\": \"gaf_viewer_faulttrace\", \"cached\": true, \"capability\": {\"abstract\": \"No abstract provided\", \"nestedLayers\": [], \"cascaded\": 0, \"fixedHeight\": 0, \"prefix\": \"oqplatform\", \"keywords\": [], \"noSubsets\": false, \"dimensions\": {}, \"opaque\": false, \"tileSets\": [{\"layers\": \"oqplatform:gaf_viewer_faulttrace\", \"styles\": \"\", \"format\": \"image/jpeg\", \"height\": 256, \"srs\": {\"EPSG:900913\": true}, \"bbox\": {\"EPSG:900913\": {\"srs\": \"EPSG:900913\", \"bbox\": [-20037508.34, -20037508.34, 20037508.34, 20037508.34]}}, \"resolutions\": [156543.03390625, 78271.516953125, 39135.7584765625, 19567.87923828125, 9783.939619140625, 4891.9698095703125, 2445.9849047851562, 1222.9924523925781, 611.4962261962891, 305.74811309814453, 152.87405654907226, 76.43702827453613, 38.218514137268066, 19.109257068634033, 9.554628534317017, 4.777314267158508, 2.388657133579254, 1.194328566789627, 0.5971642833948135, 0.29858214169740677, 0.14929107084870338, 0.07464553542435169, 0.037322767712175846, 0.018661383856087923, 0.009330691928043961, 0.004665345964021981, 0.0023326729820109904, 0.0011663364910054952, 0.0005831682455027476, 0.0002915841227513738, 0.0001457920613756869], \"width\": 256}], \"infoFormats\": [\"text/plain\", \"application/vnd.ogc.gml\", \"application/vnd.ogc.gml/3.1.1\", \"text/html\", \"application/json\"], \"styles\": [{\"abstract\": \"\", \"legend\": {\"width\": \"20\", \"format\": \"image/png\", \"href\": \"/geoserver/wms?request=GetLegendGraphic&format=image%2Fpng&width=20&height=20&layer=gaf_viewer_faulttrace\", \"height\": \"20\"}, \"name\": \"gaf_viewer__ns_net_slip_rate\", \"title\": \"Fault Traces - Neotectonic Sections - Net Slip Rates\"}], \"attribution\": {\"title\": \"admin\"}, \"authorityURLs\": {}, \"bbox\": {\"EPSG:4326\": {\"srs\": \"EPSG:4326\", \"bbox\": [-180, -90, 180, 90]}}, \"fixedWidth\": 0, \"metadataURLs\": [{\"href\": \"/catalogue/csw?outputschema=http%3A%2F%2Fwww.isotc211.org%2F2005%2Fgmd&service=CSW&request=GetRecordById&version=2.0.2&elementsetname=full&id=6b132e99-9991-4522-80c9-c3210bc90efb\", \"type\": \"TC211\", \"format\": \"text/xml\"}, {\"href\": \"/catalogue/csw?outputschema=http%3A%2F%2Fwww.opengis.net%2Fcat%2Fcsw%2Fcsdgm&service=CSW&request=GetRecordById&version=2.0.2&elementsetname=full&id=6b132e99-9991-4522-80c9-c3210bc90efb\", \"type\": \"FGDC\", \"format\": \"text/xml\"}], \"name\": \"oqplatform:gaf_viewer_faulttrace\", \"identifiers\": {}, \"srs\": {\"EPSG:900913\": true}, \"formats\": [\"image/png\", \"application/atom xml\", \"application/atom+xml\", \"application/openlayers\", \"application/pdf\", \"application/rss xml\", \"application/rss+xml\", \"application/vnd.google-earth.kml\", \"application/vnd.google-earth.kml xml\", \"application/vnd.google-earth.kml+xml\", \"application/vnd.google-earth.kml+xml;mode=networklink\", \"application/vnd.google-earth.kmz\", \"application/vnd.google-earth.kmz xml\", \"application/vnd.google-earth.kmz+xml\", \"application/vnd.google-earth.kmz;mode=networklink\", \"atom\", \"image/geotiff\", \"image/geotiff8\", \"image/gif\", \"image/gif;subtype=animated\", \"image/jpeg\", \"image/png8\", \"image/png; mode=8bit\", \"image/svg\", \"image/svg xml\", \"image/svg+xml\", \"image/tiff\", \"image/tiff8\", \"kml\", \"kmz\", \"openlayers\", \"rss\"], \"title\": \"gaf_viewer_faulttrace\", \"queryable\": true, \"llbbox\": [-180, -90, 180, 90]}, \"tiled\": true}", 
            "local": true, 
            "map": 25, 
            "name": "oqplatform:gaf_viewer_faulttrace", 
            "opacity": 1.0, 
            "ows_url": "/geoserver/wms", 
            "source_params": "{\"restUrl\": \"/gs/rest\", \"title\": \"My GeoServer WMS\", \"baseParams\": {\"VERSION\": \"1.1.1\", \"REQUEST\": \"GetCapabilities\", \"TILED\": true, \"SERVICE\": \"WMS\"}, \"ptype\": \"gxp_wmscsource\", \"id\": \"4\"}", 
            "stack_order": 7, 
            "styles": "", 
            "transparent": true, 
            "visibility": true
        }, 
        "model": "maps.maplayer", 
        "pk": 37
    }, 
    {
        "fields": {
            "name": "global component", 
            "slug": "global-component"
        }, 
        "model": "taggit.tag", 
        "pk": 1
    }, 
    {
        "fields": {
            "name": "catalogue", 
            "slug": "catalogue"
        }, 
        "model": "taggit.tag", 
        "pk": 2
    }, 
    {
        "fields": {
            "name": "GC", 
            "slug": "gc"
        }, 
        "model": "taggit.tag", 
        "pk": 3
    }, 
    {
        "fields": {
            "name": "event", 
            "slug": "event"
        }, 
        "model": "taggit.tag", 
        "pk": 4
    }, 
    {
        "fields": {
            "name": "historical", 
            "slug": "historical"
        }, 
        "model": "taggit.tag", 
        "pk": 5
    }, 
    {
        "fields": {
            "name": "instrumental", 
            "slug": "instrumental"
        }, 
        "model": "taggit.tag", 
        "pk": 6
    }, 
    {
        "fields": {
            "name": "ISC", 
            "slug": "isc"
        }, 
        "model": "taggit.tag", 
        "pk": 7
    }, 
    {
        "fields": {
            "name": "faults", 
            "slug": "faults"
        }, 
        "model": "taggit.tag", 
        "pk": 8
    }, 
    {
        "fields": {
            "content_type": [
                "maps", 
                "map"
            ], 
            "object_id": 24, 
            "tag": 1
        }, 
        "model": "taggit.taggeditem", 
        "pk": 6
    }, 
    {
        "fields": {
            "content_type": [
                "maps", 
                "map"
            ], 
            "object_id": 24, 
            "tag": 2
        }, 
        "model": "taggit.taggeditem", 
        "pk": 7
    }, 
    {
        "fields": {
            "content_type": [
                "maps", 
                "map"
            ], 
            "object_id": 24, 
            "tag": 3
        }, 
        "model": "taggit.taggeditem", 
        "pk": 8
    }, 
    {
        "fields": {
            "content_type": [
                "maps", 
                "map"
            ], 
            "object_id": 24, 
            "tag": 4
        }, 
        "model": "taggit.taggeditem", 
        "pk": 9
    }, 
    {
        "fields": {
            "content_type": [
                "maps", 
                "map"
            ], 
            "object_id": 24, 
            "tag": 5
        }, 
        "model": "taggit.taggeditem", 
        "pk": 10
    }, 
    {
        "fields": {
            "content_type": [
                "maps", 
                "map"
            ], 
            "object_id": 23, 
            "tag": 1
        }, 
        "model": "taggit.taggeditem", 
        "pk": 17
    }, 
    {
        "fields": {
            "content_type": [
                "maps", 
                "map"
            ], 
            "object_id": 23, 
            "tag": 2
        }, 
        "model": "taggit.taggeditem", 
        "pk": 18
    }, 
    {
        "fields": {
            "content_type": [
                "maps", 
                "map"
            ], 
            "object_id": 23, 
            "tag": 3
        }, 
        "model": "taggit.taggeditem", 
        "pk": 19
    }, 
    {
        "fields": {
            "content_type": [
                "maps", 
                "map"
            ], 
            "object_id": 23, 
            "tag": 4
        }, 
        "model": "taggit.taggeditem", 
        "pk": 20
    }, 
    {
        "fields": {
            "content_type": [
                "maps", 
                "map"
            ], 
            "object_id": 23, 
            "tag": 6
        }, 
        "model": "taggit.taggeditem", 
        "pk": 21
    }, 
    {
        "fields": {
            "content_type": [
                "maps", 
                "map"
            ], 
            "object_id": 23, 
            "tag": 7
        }, 
        "model": "taggit.taggeditem", 
        "pk": 22
    }, 
    {
        "fields": {
            "content_type": [
                "maps", 
                "map"
            ], 
            "object_id": 25, 
            "tag": 8
        }, 
        "model": "taggit.taggeditem", 
        "pk": 26
    }, 
    {
        "fields": {
            "content_type": [
                "maps", 
                "map"
            ], 
            "object_id": 25, 
            "tag": 1
        }, 
        "model": "taggit.taggeditem", 
        "pk": 27
    }, 
    {
        "fields": {
            "content_type": [
                "maps", 
                "map"
            ], 
            "object_id": 25, 
            "tag": 3
        }, 
        "model": "taggit.taggeditem", 
        "pk": 28
    }
]
